CountryCode,comp1,comp2,comp3,comp4,comp5,comp6,comp7,comp8,comp9,comp10,comp11,comp12,comp13,comp14,comp15,comp16,comp17,comp18,comp19,comp20,comp21,comp22,comp23
ABW,0.08037809857848784,0.03663882816550482,0.11407225046441251,2.483633500123762,0.8217579162486282,0.9039695218004739,0.05629060952687107,0.3055710782210056,0.536044439148729,0.19476902154429312,0.023935739020198916,0.1526132432419008,0.3244997000957149,0.023502329531319355,0.00349780395889388,0.47656315919242553,0.11065919522524092,0.2654368619570243,0.9386853688737488,0.0534342035786356,0.024204686338579414,1.5020965197455445,2.476641771750999
AGO,0.1315311849601742,0.00286336826641983,0.7781541854414498,0.022291945767201424,0.0008355082422633048,0.029661369252390452,0.03063818977326372,0.19275849702805936,0.3020822193655599,0.0009092133015138965,0.008903468979416526,0.03415666679638784,1.2293904968872786,0.03830055052040662,0.7113415570752781,0.21090012181701184,0.03737304600148808,0.07074267006701142,0.14472562779227646,0.6086642618138046,0.0014914669697074993,0.0010131239803774178,0.005531902511389161
ALB,0.1345313010952261,0.0022461243730541518,0.5889173609641871,0.015143421190404991,5.0273620996815864e-05,0.77968501827105,0.4659133884782008,0.4629255263697603,0.3170108877721094,1.0888602168481238,0.005880701374326782,1.893920287590757,0.02728808526614517,0.8209268913518607,0.03831072879562285,0.09193454736489899,0.17992437319688467,0.13676988952141136,0.08334816365160046,0.33271054642311393,0.29840506727168764,0.09908312328500232,0.5142244285542088
AND,0.7379999952800957,0.07425169637182918,0.2705503822778838,1.2683508843408633,0.23851984836991416,0.129045421936909,0.19921961608080938,0.16768674633965103,0.3681189590769354,0.05977005018544766,0.029332036107958776,0.735825872835205,0.09724650653092155,0.00131868641271041,0.44251822373264116,0.08675496623448607,5.312403562748145,0.015283583145475451,4.718595935784853,0.0022991447173137725,2.2768398116776654,0.027296707054677016,0.11381950705967034
ARE,0.5206184383960594,0.052375267783174154,0.060215116423898124,1.831467316010965,0.06434676629444121,1.2533470521032548,1.550837868506688,0.2464006306955139,0.4791649496742875,0.30872560167897345,0.021010663495450624,1.0978381068660161,0.22381414059247645,0.06463040575256343,2.635481097420493,1.2194912407035299,0.0056965229886705975,0.5960749186287034,0.4339438069973655,0.040743055410188314,0.35619672607730746,0.0027315980393977832,0.31259741981986117
ARG,0.011742348479920813,0.010930104611488502,0.6075147141134059,0.28644280905717606,0.5026195931667029,1.2889339105217286,0.04494596783404168,0.03305534950484648,0.7524586228086786,0.20773115140587967,0.017433620295081078,0.18965935073255039,0.11615108523142961,0.11275906213347217,0.016305371999617742,0.006832983293657167,0.035046027021583895,0.25002625483333146,0.012871079457175964,1.0683014820559174,0.13829372974991555,0.00013711546383175885,0.01017367499381604
ARM,0.14486419244430424,0.014583104708246282,0.4321205728533707,0.9639961109797439,7.169848383673895,0.9289232964832647,7.422282905738332,0.09060898087302631,1.4087144419235322,5.686577531794453,6.051554064143095,0.20591296169047127,0.5472711084540802,4.73242896005,0.21398302537511507,3.271028534084628,8.064375296657476,12.417384872054503,4.506088594611611,0.014784149513993422,0.2557575200258855,4.769354061095823,0.4079926599269043
ASM,0.1273234387398765,0.012813152009304024,1.2539982071822456e-05,0.00942727869262526,0.8291208503121191,0.06345358775624113,0.07961653895327565,0.01694033305389212,0.006362492114688057,0.007452444347427944,0.009241110968822233,0.8075185962677919,9.14517444723211,0.23687972851416755,2.7269852240769046,0.980772015036975,10.079563267395566,1.4852369573064201,0.06727122370062451,0.04892971380518931,2.172858860314794,0.0016134862332306433,0.24539048258908436
ATG,0.0030231504302242274,0.020415651232541205,0.0443607088754127,0.9379045219196849,0.17369559864460715,0.3081498455363246,0.012791332137691501,0.4881067552508598,0.12105840571609827,0.0009684637739625952,0.00887367786769082,0.08295418570620894,0.13696987148165818,1.3501189178362723e-05,0.05444084517041863,0.21764309558335085,0.8509065158938339,0.12803757071293947,0.012567644260787424,0.0005212457116821502,0.3130255307796173,8.070729023697949e-06,0.33253553131540536
AUS,1.4308839184904576,0.1940459775369383,0.1667387510374735,0.3353740871360957,0.0626178062555576,1.3842082558391855,0.1872266053870918,0.038855607609909366,0.43409389715589686,0.0001861288443829271,0.14573641071487273,0.40805958565258255,0.23706268265865965,0.017645276451658167,0.04194080203146683,0.21226173304001497,0.025308610807282483,0.15026424140875705,0.004955794934877423,0.0008841121054895646,0.012574164420312312,0.004487890015397491,0.24639650795680149
AUT,0.6587104509526008,0.09438807521980519,0.45227143999038394,0.4966775558224957,0.3143097354204001,0.08082699332030098,1.1276011918156292,0.3155379015768545,2.148433754196279,0.006887242082379029,0.0002547887409376626,0.5183351477519633,0.045141286697879875,0.3314051538457054,0.1630631257753437,0.18333248354291415,0.39110429765338833,0.15397113091976986,0.25600092223056276,0.2706838342792389,0.018712448423665547,0.028469177752369866,0.19067157712830393
AZE,0.10306244388660907,0.0042070798558838185,0.23492177099363043,1.299090803330599,0.7894616060471797,0.259008552741244,0.01447326370961457,0.0024241524059583457,0.0554439623355255,0.24999864230903562,1.644527272487819,0.36555021747064276,2.3112685379926106,0.048017336453401976,0.030697092341187577,0.5084776597017802,0.010723155361871916,0.08021284013919303,0.0915400025092724,0.180799370972066,0.039989196404889876,0.11753298905794199,0.4575237671608497
BDI,0.22739840061054328,0.0002996028528670265,1.1859072483285784,0.027006211016773897,0.20884698877225108,0.2829484236292058,0.2318782923730011,0.03705234679688158,0.8716993414191085,0.3470788663040798,0.35985257445708124,0.007158595080234661,0.06424810137292282,0.1535364608899608,0.044558794186667916,0.25310867735839276,0.2863294704133817,0.043464753366364774,0.009869769369442947,1.7464074308993418,0.07322094525524038,0.022107405167384332,0.03196972719038134
BEL,0.5116842725555645,0.039605817609893054,0.5884885445179087,0.23465066479707813,0.15714273704520293,0.0033149745300275163,1.0120287304790736,0.14837241191748196,1.7180312024970126,0.19263601783247564,0.1171705139104117,0.07525055106793915,0.2752297988574054,0.015864035304032333,3.06090347065005,0.0670042902586211,0.5474610715683181,0.0043004851936444795,0.05439073701779631,0.023938263996521776,0.10374175434872457,0.003996787517751604,0.055993290526849836
BEN,0.21330581098835874,0.00048205828395191867,0.9936275977323202,0.02933616808291214,0.007420251290246119,0.06855618315118744,0.08542647265677854,0.07471932001712714,0.4118046090928752,0.026421307781062445,0.1691672635546755,0.041911154966182786,0.05792418475423133,1.1818405452593281,0.28471474825777027,7.517412197955237e-06,0.013169353231182167,0.014653550378819715,0.007741406136177161,0.014707663937577468,0.033380841710004126,0.00190176735697375,0.00023197472900546767
BFA,0.21790685886852965,0.0004206652266664027,1.0959410473354008,0.02879399765524577,0.0023494887026782865,0.00889291653535329,0.5387577174918329,0.45787889399316495,0.0009136963331227547,0.6015129613582263,0.5564587863562116,0.18217751538282062,0.2984228261115268,0.3102660772872948,0.03283346191595205,0.0008381195959465029,0.025471982696106253,0.012755346580347608,9.64451771591339e-05,0.4289386894366242,0.003935077291163281,0.15143007979789544,0.01752052376801678
BGD,0.2015353371829163,0.0006789581412169112,0.6982860364951031,0.000588068195750611,0.35899845114566115,0.0014879309062240705,0.0777304872298307,0.039476258128429385,0.4564481943301706,1.5734240924799583,0.14099142913725682,0.027232618495509776,0.43705568085212004,1.1559191575224899,0.428963504100333,1.3352755626148147,0.22941890085664146,0.9549782817511262,0.03883630373309353,0.146476684730451,0.33985701724338524,4.702415073091715,2.3792184029600607
BGR,0.07929513423183684,0.0034436182239536545,0.673324040395235,0.5312089529857771,0.856003635146649,0.0021435493163492842,0.05135949876574487,0.455957899879107,0.6117244983198102,0.35592761488008895,0.145907702004165,0.006953664701629205,0.6547088861024133,0.1539534898429394,0.002683910066459386,0.31783421379379123,0.01129568518537611,0.23010327807313072,0.37236665895274557,1.2206449272694255,0.09217715050686451,0.0949523765566927,0.022553852828360064
BHR,0.04549433021949675,0.004577434062233651,0.6008294078109024,1.4454753615232103,0.9762624578566784,0.3106900569487197,0.1941885059390502,0.55871120483822,0.008938883463065596,0.13625192052716462,0.5076735453545176,0.008953864269115156,0.05981531628730035,0.06142089009587254,0.2245483734505064,0.35670023101088505,0.00037936898397901024,0.009795683043234662,5.68034106476607e-06,0.04370134583155276,0.0257176694349075,0.09591693701515969,0.09952109555802433
BHS,0.03932525955844487,0.03971855182832614,0.18388753475940361,0.5054266311819774,0.696461266162785,0.003963603034557736,0.020116777169712774,0.5494778630958701,0.04776969944282414,0.023185506595042097,0.0006258295892507487,0.0317251050055912,0.013130798355905703,1.138350599091418,0.010949331064364302,0.5414499472085494,0.003248950545972086,0.058011602341078855,0.05022599311722673,0.12350623547762063,0.08470543935811259,0.04279014413375826,0.5204762924539095
BIH,0.12945852230311977,0.002836194274877054,0.6414915394883941,0.7146504124968066,0.004604778599383681,0.353281162771421,0.09491875050851431,0.15799221971839778,0.06427824348848854,3.141865124592115,2.4400527835563652,0.2540948280259462,0.405869739397963,0.898162333780808,0.145444234302075,0.09459955108260033,0.6042702272230067,0.007970180728152653,0.8867361931479799,0.0010717032790625077,0.1894549866228393,1.1270192748351087,0.33099940237842
BLR,0.09841452695786969,0.002815569849704302,1.1889507234568042,0.6207254982515947,0.5072782496988382,1.428733300560499,0.1502191628739776,0.050733162560157745,0.18068270270848497,1.2318258865376501,0.8554533327338033,0.1267953894638805,0.047260399129118266,0.9839837195820041,0.8935358626429581,0.2928536766044065,1.0590428251186867,4.525994407729341,0.029950553399123357,0.15237366220065848,8.580775193955073,19.617055297976847,2.422589410795427
BLZ,0.11487888612155815,0.002750470533154893,0.09175570242683145,0.28866939534233965,0.1463689405181247,0.07796598995935744,0.6102126321607299,0.204946694765135,0.3685738013513316,0.21165991534595338,0.8493993066741575,0.011083990965250807,0.27156937036580014,0.45124575131243744,0.004669914883487739,0.07499696453039043,0.15573211554473132,0.10823188386261724,0.3994992704246595,0.475072257178864,0.00649560570422562,0.038441126165676714,0.1921240200434826
BMU,1.4218892678740821e-09,0.003379489817234967,1.291203164386147,2.5205819813959107,0.7952373741839842,1.6107177731486468,0.0012765409364169937,1.4576813323545748,0.42201860340301955,0.16342317826447902,1.0473383218745906,10.304460698487455,0.72283849923008,0.14300383975549621,1.581038519930882,1.1990836606748672,0.14014709707914907,2.9219222919879364,4.026815002448309,0.426779391142525,0.36392088297670017,0.5589800160026426,0.0005341583811234403
BOL,0.15425465807645283,0.0015931438883120851,0.0019480815820584452,0.006016874827949197,0.09268298028804467,0.18395483702806958,0.9561230134846056,0.19148103093670563,0.02311503496844938,1.0923602524824552,0.052685651187840916,0.0631515226459797,0.0006472319201121025,0.7891124542347188,0.02183760494592187,1.3381206016348213,0.09418436576938377,0.33449261592866913,0.09800360889387928,1.7591612691823846,0.08599139224476382,0.43363525121227275,0.561335058199958
BRA,0.053020244823186985,0.005974462693188401,0.10130677444914445,0.007712075456441864,0.42119790841769356,0.0032970490732539956,0.11948695550789164,0.0053265318512071315,1.0773733421110596,0.5562700773202774,0.19165549373284516,0.007908561892008798,0.023194113535015264,0.6996727919881685,0.2964159236483532,0.10123817107511107,0.0026054719684761164,0.12723086518173582,0.005808453376735592,0.1252778347783342,0.03364280249368965,0.057688563790668744,0.014603613331928406
BRB,0.00011337519473031921,0.01899970191071115,0.8636711789483396,0.0004656924189425473,0.28790695483960954,0.018516603192389507,0.05586706758760574,0.17833557889431187,0.9928795400127993,0.1655266619760166,0.04978748010235452,0.05328350277339979,0.38692727005257693,0.003991951358898317,0.5274703472304514,0.22985562722958314,0.25735702364812046,0.6634588691871511,0.06651073655570983,0.12951830639270812,0.36285526347951896,1.8143738665458584,0.3820868180483266
BRN,1.164822616086728e-08,0.024674773498388775,0.06309204340078901,0.7542192110933043,0.8989292769015982,0.026245620214787355,0.013250484431778786,0.01122477686100428,0.25353858766598825,0.005972092129289334,0.1669466321752664,1.7510660031742407,0.3418664166127622,0.32313761426650844,0.25043357862961707,0.1378124632700543,0.08726857823389887,0.031560955717128386,0.04058925650641679,0.06861296673002121,0.143645327492668,0.0330052394094558,0.010093316420566385
BTN,0.16812990725476287,0.001441784100677691,0.1393351223752736,0.6091622649884927,0.016428918445950028,0.024893659273162123,1.6719283244300454,0.18502209196358335,0.510461148483971,0.01957431629213843,0.27257895792349784,0.16152848543665965,0.14516360879065268,0.3208708809536315,0.003900789851990694,1.6369992478085336,0.05376280558545062,6.679014975554172,0.64563285966753,0.10865885656995738,3.0293744633710067,0.6662665460009257,0.46296493471452654
BWA,0.087048298992053,0.005247133543080443,0.454832874753479,0.006549633834690692,0.07254810406129882,0.21824564326820403,0.7482113859083424,0.23180863740760416,0.4157872169382435,0.6950068514414667,3.183319333912596,0.30501035060635784,0.34825020865349465,0.003843302152416056,0.010874168273438584,2.3271597651695357,0.6280848611433955,0.06954871232963895,0.008897859441659564,1.1557659667934386,7.571767917442952e-07,0.09269319554776978,0.04846964890815993
CAF,0.2264061291033433,0.022770026631525577,1.3043652298454653,0.0007495914582074003,0.03256881020346046,0.23964157024218102,1.5498673262171987,0.2980237391211358,0.21858612446855838,0.1601804283461054,0.6486325726507839,0.15357112824753766,0.7182948770443204,1.507631399641203,0.024998976923591296,2.25681152305104,0.30606460925002515,0.005632429176554493,0.03311137851298278,0.004051957139869152,0.00850682411918827,0.02565489714266623,0.027698651765294444
CAN,0.6494808375512507,0.05132886596758726,0.1774935097912725,0.6820500739074239,6.376808697906703e-05,0.1693552481930358,1.1481385224729284,0.07073276797264463,0.42918058265202735,0.06836667484139825,0.2544354036369889,1.6969921173458429,0.6851217340621645,0.07243724472953295,0.8121045976745753,1.0057552921009696,0.024487898070376896,0.007461804801702642,0.13438205382914342,0.051816939000044755,0.5009039212479918,0.016313658569917434,0.774782884610866
CHE,3.6437957591198296,0.0957535054785516,0.018431431713371034,0.14912707956514942,0.004749724423116051,0.46006226794025784,1.8881260727458957,1.640946044547051,2.9881964704070434,0.024150883727800602,0.15500947338004945,0.11496438980960394,0.21951905233516242,0.5000966935048274,5.761702756372189,0.14795056057880568,0.15298346185369172,0.00015660416066573936,0.5476862314695778,0.08029970654470317,0.25374369143531583,0.0001812227668150319,0.2782517064064995
CHI,3.9446948922893104e-16,6.607171335080519e-12,0.0004534237025380763,0.008783204748620424,0.05235658442267575,0.007519406831404811,0.000254394164051934,0.001099843753341468,0.00037068372595965335,0.0069787119487708165,0.015638080794513915,0.0013913232399199486,0.0013523741445906632,0.05263088121755651,0.001122157442616352,0.0018244480681607678,0.022827515970729538,0.5972475123358889,1.701871011480943e-05,0.01580652546758387,0.009735291278775907,0.3211277147514823,0.40372781454429235
CHL,0.0073327684877503895,0.007427582430725903,0.73848759064826,0.7790524147202432,0.4390654083775736,0.9371724476375043,0.005083098985636817,0.09767779323901685,0.003430001619984086,2.1003343054499335,0.18244404217764212,0.10443439454471228,1.563955269127854,0.5005802342971508,0.033753406045650414,0.18431787479189052,0.003034070141754916,0.04610405443886277,0.19021821683506765,1.6358917175182046,1.5844105430016178e-05,0.13846087686081734,0.004544095302024343
CHN,0.06178318242471796,0.006262175046453526,0.03766852519482759,0.06955403813913234,0.031748253987836234,0.6453182015488712,0.002810401975191739,0.7982720862106202,0.0742840823858463,0.20044205743104204,6.023727385843637e-05,0.007477312095975775,0.32384853305786876,0.04475200535285033,0.40988850151813666,1.5732467211377228,0.0466281198251424,0.00034679418550771806,0.042656904844535444,0.7722923682234973,6.172532479357723e-07,0.0028545478130457356,5.4531397949277775e-05
CMR,0.20049154112378004,0.0006939574415594273,0.7099207284046747,0.0039698912498128515,0.09696711124718914,0.1940146765991378,0.1804763155283741,0.15389553807702763,0.17343642902227416,0.22735828701126223,0.09853744633038954,0.1721368678284299,0.04955124208952384,0.019205739738664258,1.4373803070940263,0.008470789064407036,0.059780265794558876,0.09816596104253132,0.09430127587571385,0.628360058655241,0.053202769326198836,0.02864419864430646,3.0595757547036e-05
COD,0.1847760221783162,0.0010337742880606468,1.1960079311756842,0.02190245064024966,0.22834883835999326,0.23287000160166893,0.2497710509369857,0.0008147850572483377,0.2105652751838799,0.003844642414290899,0.1493644487154825,0.038837831606168015,2.4731939919833934,0.48825311522586723,0.16913433089369195,0.07363334913276447,0.3279905745175568,0.00798538820152482,0.017218588164491275,0.3149695785754752,0.025592421711123435,0.006723855996204279,0.004363784274390391
COG,0.22222201390559929,0.022346577154013135,1.1163255300605663,0.034709244926989846,0.18632212638086446,0.0977133032461985,0.10025626330655815,0.30729683516632317,0.1758129695945731,0.2179167629750643,0.013061351175255127,0.42972144471382046,0.6763045655354585,0.0010167840178195047,0.532344408044058,1.4724766514094936,0.09595589327043696,0.07842701694852272,0.005333583993264468,0.20030622895436123,0.006507623354289206,0.004921713258916772,0.004733546592256358
COL,0.09262694878999131,0.004275518794361358,0.1343049099423236,7.910583323368372e-05,0.3321036257215432,0.21164625013727584,0.35422055392017127,0.011632407052341871,0.03788058844558884,1.5563632652540575,0.42075511649720104,0.25869320719056393,0.2666164083823256,0.008086717766203306,0.05410219437546043,0.0002078473256943614,0.08656205227469406,0.1422419244617418,0.035829792308685306,0.03930495691011242,0.002356909588547166,0.007895041241810103,0.11273333439628597
COM,0.2128952668097214,0.02141410719703297,1.0195460056878531,0.013218838030202162,0.06845041210422773,0.14184274384014284,0.22074834021065623,0.21348362760592243,0.16553174577085192,0.7818580760154351,0.6363746247035232,0.5278355278446657,0.8370759598720641,0.8966747328849096,0.012655270720561296,0.022020636089161685,0.0611962259313867,0.021895305730887434,0.08131355564990822,1.3202334491315961,0.06843421771221056,0.0004496140282047839,0.09016387602075097
CPV,0.15329408701044028,0.0014807906241080776,0.020800950779737894,0.1101127043322915,0.09003213270544605,0.19644565330747984,0.018338583542499242,0.4385624417191606,0.13318594976609355,0.4026533420001324,0.16665778792253869,0.0087264274027301,0.04129835360502813,0.0014253417360518762,0.030083291775520795,0.003100122854407919,0.11440112428988984,0.05208411245561423,0.005853346131435714,0.06751769791707454,0.01831413772167186,0.0024628181059592096,0.007206850939363874
CRI,0.028205842926772876,0.0033609670183912485,0.1049440075722889,0.03768392514624454,0.1790020643754244,0.041957821338995185,0.05628964126685896,5.678699455090062,1.2940601966999628,0.33913153181843286,1.329835623387909,0.14129805612093277,1.0783685301302905,0.4126945497141445,0.10756882076731134,0.23598316285159196,0.09579655370705836,0.009873539493746048,0.07484579206177058,0.4240788579278626,0.007517313317798555,0.35913667387751036,0.001101283652469765
CUW,1.6133030308520144,0.20552520625834425,1.3506356965789572,0.03188735988730207,0.0057098622236345375,0.050500352079949344,0.008440239075191387,0.0016476789881062583,0.03295023914082348,0.0722063213499345,0.09044479838224419,0.6704268730605483,0.00014154080196466991,0.42975919593008227,0.008848985123351557,0.31534302438345285,0.1820515791938295,0.5030304250609291,0.9590776812662493,0.038738334078967505,0.11145597810157436,0.1190684246456453,0.04896623504524156
CYM,2.14238820173129e-12,3.534779364459404e-11,0.49360526488544265,0.4297866927516968,0.4246185246981835,0.2133347196975575,0.012787087235226296,0.00040258288812302105,0.0729592400037174,0.19777885728618783,0.5495431958206574,5.140212752254095,0.5766179190139268,0.0014611471826471456,0.9592467360336089,0.012716445334436641,0.3252351664526452,0.18496433580824345,0.13677002975094246,0.04271935294817892,0.6658636366453813,14.896561416360319,17.97637571176824
CYP,0.040076436740858215,0.00402785164243213,0.24881397402493685,0.056921239836574856,0.1496797868646275,0.21085011863814795,0.09328450259347545,0.1413580291452929,4.8824502491910495,0.02067378620893588,0.6163574400788712,0.1950687220460917,0.5521074696450406,0.23516258250380323,0.5153592035271832,0.01301615518299702,0.516185245805306,1.4098567090037523e-05,0.07977035730592748,1.067514707725844,0.187732871610279,0.009232780743875934,0.6633491132633081
CZE,0.0008581269870048878,0.009279149121137673,1.0427282066969614,0.05487102064025069,0.07489929869193511,0.16981806276466918,0.267699740946828,0.0033731107317284976,0.13594959648933955,0.5267482901965398,1.06053546869537,0.16236051869270254,0.0019982419620274304,0.03338207457606205,0.0004066394453369263,0.09210500467038626,0.07449572836590306,0.16641230990292616,0.07222284190476258,0.45210944340440673,0.15140225806003726,0.0805468562400332,0.18880771299740592
DEU,0.5553693686467385,0.11003742791875513,0.4774992984841242,0.039106865186329914,0.5269600168325588,0.0568373885849554,2.2506018754659998,0.5570388567025815,0.9891845637772209,0.20102376249832846,0.10761156012404165,0.00068550256164885,0.0071602915453703375,0.4785884136340339,1.334521059580979,0.34267270073847206,0.4259420797111076,0.07135868180465266,0.31368827684161976,0.019776109999921243,0.09931032332334291,0.023686656608740524,0.011691163444091292
DMA,0.07121473698757982,0.0061908494794055725,0.27036416892915177,0.38697038001452516,0.26463186336473893,3.856701884454092e-05,0.32561354934621783,0.0018956359200417564,0.7381823144502291,0.25453367444191016,0.0008029753613629355,0.1930787539180639,0.24200125765232622,0.45826063068158657,0.09719280989969038,0.0037464199482781335,0.00032040476441981704,0.0031642874925615558,0.8618117053445404,0.015254952668120056,0.27070778749765156,0.24953673671820212,0.004385586253940482
DNK,1.1362753414424378,0.11382064013094981,0.9191551323492346,0.5423171985034329,0.02488814048960528,0.5147153882236609,0.9393851218148678,0.0023714270117617692,0.6472622490315931,0.005369155840052601,8.260309131842632e-06,0.001734662897622718,0.008069238929798807,0.026757675750440024,2.9725974443582515,1.149362494682155,0.7788222859768613,0.18743195149320077,0.028399346350766887,0.0245712165547487,0.012128900352078843,0.14821534877305323,0.2512593389583324
DOM,0.08695841922284986,0.004913144242838277,0.036589465715101195,0.0033293353182432075,0.21208600195866545,0.32404362542512233,0.13168292494961492,0.16854983040664395,0.21180294786765755,0.3327739344348981,0.27490686400914377,0.029626412196407954,0.017882581091060713,0.6328687327889908,0.043147539213605986,1.1039052788197277,0.5212751985094286,0.08700726711537447,0.02604930209210143,0.23689170502676077,0.11637454659923632,0.05434642848149202,0.003863275904063358
DZA,0.12928768434084537,0.0027249595304241047,0.13627191473800668,0.031641786514900065,0.02579375607572595,0.29425370774895676,0.002524361296205894,0.05121413644534729,0.4517383352758549,0.03435617578681468,0.047980127740315764,0.11671696684738314,3.132663745910423,0.17243823338742284,0.2503908957784596,0.021054461549216676,0.061977993505026634,0.04577370803819065,0.19999777386381132,0.011161766842642223,0.0037616758380791915,0.020984643406922653,0.008014201632843604
ECU,0.08913733462484304,0.004828954638726377,0.0017654663138612738,0.0009395704490039047,0.15199242134140806,0.07059291475334713,0.6190614586399963,0.0027785116605963866,6.846769341602411e-05,0.6909379653647336,0.117545223072402,0.10964637762450385,0.004159592669438594,0.015649957222949748,0.030394286533593794,0.004421130511520493,0.0005715054279854615,0.0730608693864134,0.0007805151770823701,0.14499661560214186,0.001063348726536545,0.0022432507993016223,0.023715514201829754
EGY,0.14228332672511856,0.00223035984504606,0.00040815638160422263,0.17113948606717463,0.08666631713543661,0.1423868512237351,0.26338713584927187,0.009653748304230634,1.5887551655268186,0.024959410268838585,0.08238752815954066,0.12847593341293065,3.128028354141346,0.6032831901010893,1.8252481911612692,0.09714924974790777,0.09981603287911485,0.4322094526631605,0.013478119186333454,0.06767429604141205,0.04872614089491969,0.006435948044188968,0.37511289962336414
ERI,0.21552004064923583,0.021682624786004575,1.345268481905248,0.052516522628171386,0.2159758440493565,0.5260363427643454,0.08847914083676557,0.7957357257918829,0.20424094961810524,0.08075414778675645,0.005970123915990355,0.0015222590561558783,0.43475259662341964,0.014454194797518496,0.03588710346635806,0.977439832092983,0.0793985054281261,0.05531140771327019,0.024535408478700952,0.2329465481160917,0.0002741592308657273,0.0014801259557966045,0.0019925179823623933
ESP,0.08175297505173222,0.03902274030971564,0.947335022771922,0.9222039355885348,0.1977140123822533,0.3736389486982661,0.4162849229230479,0.07075896298590757,0.35169047917260354,0.004074172355340497,0.8406552657046035,0.17858804140146986,0.06475234157926758,4.7385277942270685,0.8962915927029369,0.6191947378222803,0.0005088971554488809,0.166698146840431,0.043232013508680604,0.8115983741396957,0.00455110463009774,0.07535853266822408,0.002513479826557966
EST,0.0010165997391686262,0.022514382527140893,1.724646168041446,0.02719554303487205,0.14183503512123516,0.10681415556878353,0.199084979181385,0.13683666722036286,0.013679574530078197,0.21911410406340492,0.03111896526997163,0.06913207119176479,0.011235173630043475,0.5904673851460984,0.06511565422358959,0.04759119887934795,0.3683035472430606,2.6222713149694283,0.04077992641430004,0.17207502704802802,0.00014104164315362303,0.31637307441924384,7.731357641775607
ETH,0.21773963518987505,0.0004222679450131707,0.9983934207603029,0.011088634915731638,0.0669396228399387,0.11395997783550951,0.4274756255231386,5.6114803523893214e-05,0.144279806169337,0.46184835219850867,0.5554344492455886,0.08592009026694912,0.5377684499899756,0.00035456812849527815,0.25950659844200596,0.0006673614183836021,0.08966843841262528,0.03751542878871173,0.00131655506092219,0.05058719392679829,0.014025467398804885,0.03839595619703098,0.002590631521777559
FIN,0.5876898556470781,0.08043712203043397,1.2016318811719318,0.41297056947379035,0.012173317513842683,0.042937958746644314,0.9258481338400427,0.0008457384293606569,1.7730637186194398,0.01283502092918378,0.005594471371845997,0.4735667001422767,0.048741427668866924,2.1746185748037264e-06,0.020433026188310742,0.374182338567749,0.0019705230675177987,0.226421534952866,0.0029420828672999115,1.48587893229447,0.009580076127509895,0.13022684778756805,0.04500761050591493
FJI,0.11425605887634654,0.003705058070436902,6.096720115739014e-05,5.9661724822050345e-05,0.18165283599298404,0.11295591062056139,0.053038386499674614,0.13566389854434852,0.0001754239245820325,0.1644449675659066,0.004672782392148051,0.6805633702965217,0.2523301405980682,0.032420309378255074,0.023951749579946606,0.22808204812495034,0.021081187484184666,0.1883921642812067,0.06224859523761005,0.250535226905013,0.15882280738658583,0.0023742137590205474,0.07309368030353491
FRA,0.3562147500446677,0.05843154848997258,0.6482082138620457,0.19025334930048615,0.20419330677679573,0.6768447306594972,1.225569129690868,1.8293228197465257,1.3202041790972447,0.023080188904970312,0.10641438072472753,0.8273619505418189,0.13509875809165997,0.018017943839475664,0.2307747693473269,0.22833606089729733,0.6461767715878455,0.02610528938338306,0.47974064442681946,0.16477522992486518,0.45877377203117986,0.011754814328796248,0.03595465141641671
FRO,9.332983732686371e-10,0.002303480898660337,2.6025625901203298,19.93228288105204,36.75047188775993,5.798723598414228,7.618509301715986,2.160855485408239,0.5043384193001287,13.524368805956039,4.034952162389945,0.30891984830892716,0.008083148622763327,2.506873972524055,0.026732725013514345,0.10766173857758245,0.5000214107139733,0.0033032137124719392,1.8473510598036413,0.009132009695363187,0.17182808348334538,0.1641603329007997,0.001555982226491713
GAB,0.05644948919927161,0.005674744601538511,0.4542949936938481,0.47789995600320057,0.0018211565961952915,0.609209991802503,0.539050473384297,0.054946789952684774,0.11512667422559376,0.02286456344164349,0.5479901875796952,0.08130304149800592,1.1399698713931694,1.8653362090260401,0.012142447246066041,0.49422426074427767,0.029836475164641843,0.02007616351602608,0.0009270223460406982,0.006449971204124516,0.09224745265125721,0.04713687168959647,0.016065154578437175
GBR,0.6727676848029447,0.10649707786549109,0.4752457838256879,0.05457875686611772,0.2007668821204992,0.2591018613003254,0.4113562670888483,0.724826784772473,0.6332355230981978,0.21942901240636276,0.000858741627236913,0.2089160908631733,0.14649015981646255,0.3852194603217982,0.7682074146396792,0.004149371123479639,0.7903416660503898,0.21385502010950203,0.01737909447688347,0.0881721953272978,0.5045498967453171,0.07627706340307619,0.0027242338464737565
GEO,0.138258196987951,0.002231735806504936,0.04197081634534929,0.003105701979079915,0.3211907505095628,0.005309221198722185,2.0584312536602094,0.139525619357523,0.28039153744039025,0.07297930041563921,0.013285988134064572,1.1864398768732687,0.7989390392211012,1.289470999416319,0.795750850298191,0.5168041897884795,0.0001818218057004139,0.0020579904743576777,0.6474710253249399,0.25085334407506693,0.4865563029346882,3.6505526351234665,1.3424569176886907
GHA,0.19692856281917587,0.019807564183679544,0.5168372855500831,0.002639744849353336,0.0008439809176537901,0.009429736778646702,0.023677203998291856,0.0017345309211602867,0.23621084236520448,0.07113537238479138,0.07589935305202249,0.0003461174410257205,0.41675537518136063,0.6084695281341126,0.05240203089335438,0.33889518752716863,0.37126197054274646,0.0014957087838443212,0.03653090440983549,1.2845497687503482,0.0003021672901859519,9.641301494803202e-05,0.012661167916308249
GIB,4.1739943621186087e-13,1.4153281163086278e-11,0.08827460910372513,0.040648129839002844,0.014042632480626697,0.01795942281730677,0.12106510895396276,0.027898869424790505,0.07097329325911464,0.4635624460974934,0.6284046271165733,12.586985495782313,0.6556023811942464,0.07755395157646536,0.013002085675015857,0.2043414759191797,2.669607643633035e-05,1.3415899286306627,2.053814659905478,0.0009554899899092161,46.90203597986322,12.989858108757609,2.298191168187029
GIN,0.22019780074518028,0.00038674860217790386,1.1748580203943944,0.019411415983339435,0.026993499267519424,0.026282416402080632,0.08732295800324269,0.1641970308938628,0.7591624817503989,0.2520400548523084,0.9625641442691975,0.009982129286640617,0.0012092056387500848,0.17395217721595435,0.14498314181097088,0.055866861548346386,0.0037713976853500173,0.04279035920292583,0.0006276332126842048,0.44214923873575884,0.01076955119213586,0.00205622156632992,3.630247679549378e-05
GMB,0.22298204511279682,0.022424152910777654,0.8274801964575613,0.2533768948035491,0.03273224617367649,0.002410550656957094,0.05339312249435312,0.018795358664622452,0.41520550372418746,0.06618077351876475,0.01727164628982868,0.2048559940109829,0.02607830478636179,0.2152624393798808,0.16031284955809746,0.48285396300692773,0.024791024110768913,0.0025756446436569747,0.0005460063370518768,0.14779394771027599,0.0018600546023027822,0.010929317931405495,0.11165745051873864
GNQ,0.024027252891685866,0.0024166448096364394,0.39253819113190924,0.7677558505352674,0.05244809272926144,0.05289808345464465,0.030813101913464824,0.007384919884305062,0.04655178426017438,0.051845099100404954,0.002126183151172371,0.4948377686569003,0.01819074014032171,0.06240118244115124,0.08524998462352658,1.2153567933348466,0.06572561089043318,0.051784334293624175,0.03609935488966323,0.022329948940180366,0.2904385184515999,0.0007282716015378423,0.00037383224518314293
GRC,0.00285163021514707,0.025321294615905578,1.0916908941753296,2.211265575372645,0.045563106030533804,3.7151360025374935,5.473891075567222e-05,0.05343140164553304,0.057710445458498474,0.007701919668935557,0.5210408651356842,0.8201011518375158,0.053840362049394797,5.22747505038997,0.04689018087351895,0.372149212993174,0.5834551649301286,0.28598098625675855,0.11721291380218894,0.755544833990228,0.004167422442351572,0.020101255763641558,0.042517251652237
GRD,0.048273256558763494,0.0036163626082370793,0.044872093573772844,0.2630769871688938,0.003517065603040605,0.022266685981291206,0.0044233865705485724,0.01168048101975974,0.015397365337432726,0.00011287902965284062,0.019377850480581597,0.6117120817984529,1.1461783186654741,0.0004951317690588934,0.26384167593950547,0.5002384183384302,1.4509803083488224,0.7390705374940509,0.3279210846223919,0.005586091611997754,0.8135005608460308,0.16738259702305183,0.3946199845998671
GRL,6.74356692608423e-13,8.62852014372925e-13,0.15980892047610826,0.1971942575521717,0.34737324178021656,0.06278675499735456,7.300018837676598e-05,0.15814243079042747,0.0032057475909795354,0.11931381991893547,0.2470340924673452,0.010745973590564633,0.31174110080180484,0.30006615116373425,0.23129083020823069,0.02109784215564342,0.6071088491313438,0.0006008990135674309,0.46152329126832753,0.11995223015348107,0.0035885776299897803,0.0021716751644034918,0.06393731721032098
GTM,0.13584875259078513,0.002008430771661376,0.4103601282523252,0.03882672676206162,0.07583650341299966,0.004623051118559367,0.341233250953926,0.0017120552646696045,0.04378023311482503,0.11786374784003031,0.0005272575496567191,0.00011570462412648467,0.06494273287991187,1.6878996982088819,0.006990909120622449,0.6172572986372226,0.07479198184370635,0.003202744340914287,0.0008565380600400143,0.33957354528149725,0.023547548503131722,0.03649332971858827,0.013185456154772898
GUM,5.780240926173974e-13,7.858563000803664e-12,0.15785850567909523,0.23524498296817764,0.45959705353759245,0.09208982533573423,0.18308472892119065,0.07734531142385576,1.0570355907496387e-06,0.30634648450931506,0.04044612996424461,2.916741222142144,0.1927346968732398,0.15946934507501634,0.12527340600014603,0.11221013774557123,0.27527045535298234,0.17360430237987043,0.019899517881796655,0.004983887677993154,0.23531148729246412,0.007676387931461397,0.03350777291872334
GUY,0.13130415919820976,0.0011339634596230141,0.16658766261943336,0.5292962115220393,0.18882699556101676,0.007727141172793371,0.008133109335060906,0.07172602749770539,0.263975485132718,0.010389890662643475,0.04716869717063454,0.17646285543660947,0.007981346299798442,0.03433157651986641,0.2642378351329054,0.3064903808421261,0.028801218727670802,0.009491151760213505,0.020177971598248797,1.7581999801544188,0.0013214943859077544,0.08698737379407154,1.1393588070611067
HKG,0.6090646595024451,0.06064177241506829,0.2568315692084439,5.1330021765987,4.852090840581688,13.159808926166194,0.13246206430170143,6.415809203881091,1.53179739747281,2.0999904783529284,0.03310551277270887,0.06848206970160332,5.346254373413495,0.38078747747664976,0.6226812274502063,0.04314838975095814,0.08644410465268296,0.0011962883513964694,0.01717590222231076,0.004807166966789778,0.02986926236775285,0.02620659386784241,0.9737381650872405
HND,0.16864106864652004,0.0009668408166016712,0.4958962494371783,0.0020568302488330552,0.012531769237531944,0.056442429693834534,0.004133108567625322,0.10770127534730732,0.714245250802689,0.22601714529406944,0.02481046923734972,0.021904525212621227,0.41880019276373115,0.7243167423004215,0.054500036707449434,0.7122302177297218,1.8326246740344357e-05,0.05422361914113658,0.00014688823249700203,1.169315583684909,0.004549353825019465,0.006414608152752583,0.00856249395331061
HRV,0.019714385636704496,0.006760556391524308,0.8605402144092262,0.011169392164467757,0.04003363242239229,0.9276581838254778,0.001782887066566986,0.0005061579645196638,0.36620292679791877,1.449128017844878,0.12106450083319019,0.0015880113169791294,0.08102369870819892,0.020489982480814187,0.10821101222096943,0.12414675582672266,0.01653261805996087,0.3341582603389414,0.5552553830986439,1.263548070261372,0.7072217770123733,0.06825306705745891,0.506132834178942
HTI,0.21192914511863797,0.0005028273344404413,0.39726027233502154,0.6174523910734306,0.001494068324244827,0.45885833691010347,0.11030687196653316,0.01550915079107868,0.0015266616821913539,2.1711325605392915,1.3164348485678088,0.2773033308923843,0.4437833293713644,1.6394506294041562,0.37833036807942755,3.0130856846923932,0.5566081833435826,0.004869416980121669,0.049263065664534915,0.021097467992855244,0.005354439578295362,0.06661178581276751,0.0032521095898802926
HUN,0.014244121674510416,0.0004038317303097512,0.7683722416797035,0.008503861643718748,0.03708642585882271,0.41130494467376805,0.09410852061995699,0.00500411291391815,0.37871630307824694,0.5031817270442631,0.6400872207705703,0.009010860317108784,1.6841177220951171,0.05280847768314644,1.9076314694223444,0.03681337143449603,0.0016922434785466036,0.5827378131632364,0.04665374223958243,0.04472449201951632,0.6146399611446836,0.2816543738919623,0.3462710147186268
IDN,0.14838096508224355,0.001746308686496716,0.3722248331369968,0.09343748634211252,3.976720711846868e-06,0.16997283603332605,0.003976867927356372,0.0037457964336302945,0.9902525859797122,0.06913412497679848,0.4693585410624238,0.2520249725014507,0.025128965855964483,0.006865240035205782,0.027416422746621604,0.028407524275036747,0.15918124945000028,0.13565091335456084,2.9227486566965877e-05,0.8260479090606795,0.04173009298387961,0.013622809768041717,0.013181283566463227
IMN,4.666893007601418e-18,7.365355803160135e-13,8.892920953451996e-06,4.620611468510112e-05,0.0006607576399307971,0.000180338156870134,0.0025989938333102662,0.00023422137341510649,0.00020690438756873898,0.017241606348924243,0.01218605497470662,0.00030324232131266154,0.00016446526393214296,0.030309029851497065,1.8361725526138834e-05,0.38611303511887435,3.7023511300860967,0.7067983245314826,2.2523579433106873,0.00032544836127198606,0.16502392767069934,1.153283420631104,0.047162257193429494
IND,0.19174058944852382,0.0007467080257126078,0.30957300094243045,8.064848313814413e-05,0.14686708859053807,0.04737537415886189,0.8400356272296287,0.0030076466183668335,0.01823843757447076,0.12313403756125406,0.8116442457566064,0.01741125849131054,0.11902984841669617,0.0005321664130426516,0.2162742929318105,0.14920748607043352,0.1436487774860146,0.0771944110380323,0.14526440385965297,1.212088250434648,0.002034541605629589,0.07078115859494735,0.08322603788328888
IRL,1.1067447200813691,69.71008347384695,0.0052844567162701975,0.0052914848368542785,0.4962178762694391,1.8196527041268113,0.29420391299634346,0.00034120809477036367,1.2921034429709473,0.25066379059053295,0.11400640062582744,0.0008027946960967204,0.005750628081894274,0.11640419642692802,0.016250702666091476,0.0014195213929003182,1.6084787767315638,0.0068316647187603675,0.031728093238998605,0.0009506745107552922,7.580827810374373e-05,0.6970488054202166,0.005364429047188428
ISL,1.032703518107437,0.06888525013851214,1.1910380150395934,0.3418592360595934,0.5847447736819692,0.5864875625478605,0.3110521312449919,0.02661058472097539,0.4659336430668808,0.11396784802351007,0.16249581548928704,0.8112086613980584,0.05051570141974425,0.7690880604917384,4.842975746603747,0.6573188623461852,0.3975524790015882,0.4953379680966788,1.1808622436759353,0.12597906032047132,1.5858280779953842,1.5732176793844015,0.12463648650981876
ISR,0.3242365311440591,0.06888294890893072,0.27056204240872783,0.0615072061351499,0.0014927149442710535,0.03529076593317219,0.25428845937970856,0.0856205855926468,0.004978764175312452,0.49735748962379733,0.00014391150533451033,0.47909897876216573,0.44793703428405696,0.037675897527583095,5.75817285844797,0.6937512668503306,0.013176660139440423,0.04030165549187985,0.7522885627410867,0.8021876377371568,0.0059148149352035335,0.7576125488961648,0.6423364853380116
ITA,0.16465721782177212,0.05894025478060465,0.061249281362731625,0.13338609743888483,0.3948789527847352,0.5182873260536549,1.2063359669002642,0.06273734099104276,0.21528665926454765,0.1048378320116996,0.007688938856217476,0.0025889394873137342,0.33695577605085913,0.06211733590854472,0.2399730193741397,0.6110065990541911,0.01164266370489982,0.007224097412564947,0.06628081443435514,1.967847906285707,0.005340338580757599,0.0002520112965471377,0.02174566984206913
JAM,0.11021152585231869,0.0026375989816216244,0.012743364812360708,0.37509870063311473,0.0011316049743848825,0.10804727737617184,0.5435380840260574,0.1799315084220082,0.24897045357610187,0.19428609448419826,0.8363699287721351,0.17168419915888897,0.03240469288436068,0.5386865457018594,0.043636898667764934,0.2602922154911552,0.28475259420738136,0.3033888059181345,0.9482365723714858,0.0030720365043496777,0.2188946857155341,0.18031743319470175,0.04948714019514821
JOR,0.11409456921628076,0.003746901253561211,0.03691758508631401,0.03772023641691915,0.10121064103127765,0.13025476744142425,0.7718865060465775,0.05696038489568083,1.823717007114676,0.38031239550359786,0.010251530154059309,0.0006221143082214429,0.2369764199674295,0.6790896470270744,0.015691337341499446,0.024111476411404608,0.040482040638354186,0.01565597998412221,0.11646692326412145,0.08557199338016161,0.004377915645265832,0.00015607736155147739,0.17959373847614754
JPN,0.2345282591762688,0.046918568780606996,0.8101868633044517,0.019823968793250164,0.18750951023172233,0.7107688830726179,1.0816642310073998,0.001654085884732503,0.04354866105771664,0.36972236873094855,0.9835693287434446,0.05071002476197772,0.059246748407790824,0.7620965645014183,5.587620709656384,0.04538556846024978,0.198831237880088,0.15269312804941848,0.654490217286602,0.31383527706981146,0.23250638243791014,0.11705399223762725,0.00038809929195580175
KAZ,0.029372210009783118,0.011687236462946697,0.3416068447631909,0.024824144278267027,0.06043887669840467,0.5845686985402294,1.168643548727114,2.3352823426790352,0.57533052148029,0.07297600493000422,1.0168348703935355,0.9546716839328159,2.359818765545582,0.9423547081803597,0.002662617614252497,0.2955173425020886,0.011135379724231852,0.005250417702404565,0.013481905031993185,0.9068256040288991,0.11010297443731601,0.1650473359633942,0.3373604039188519
KEN,0.19713543837219938,0.0006593215989506112,0.008271729639081333,0.000686317325722325,0.13011079844247309,0.063346304285932,0.002066438288345863,0.10193104823860867,0.025628393256198197,0.6345275898185398,0.5304337232611435,0.3405807465820675,0.04919754529388976,0.15930211949489798,0.13171677466654766,0.01091752358660484,0.0002510541012767128,0.09974476486483587,0.00024361230633911205,0.04644986901168158,0.026555000231074297,0.12718183434800256,0.03429742728665633
KGZ,0.20446566024603735,0.0006055975930815958,0.026488554122097663,0.4423001134220619,0.05745312774451246,0.1048242589094051,0.1809747435740901,0.10108340974821856,0.161118244365685,0.43679947928214036,1.6060014007648167,0.9072447484429472,0.00017772034903677474,1.4625345012214854,0.05896140994124564,1.5560123714670717,0.27831072194777406,0.22312922925026382,0.009492382764846461,1.9346955446102907,0.0672355347705635,0.12921066121179856,0.16322882790450824
KHM,0.20295743971508676,0.0006174434178324183,0.341944971686043,0.7061665441287547,0.12382283835312018,0.31740828396015125,0.20350893269935746,0.20863050962523855,0.026083211535661514,0.05779097070586758,2.8948627233845023,0.2656268823039452,0.4275720626207344,0.008464457704755604,0.011584803623437513,0.23015245659384467,0.05731792095895396,0.017666841796214926,0.080795602924166,0.7074963429925296,0.0011917038960943158,0.0035765046669960225,0.12011695866137696
KIR,0.19860083470335715,0.01997967704703787,0.3090758918651383,0.8796282895055658,0.10532273046386581,0.11196202849290751,0.21107091185484297,0.1424036452408184,0.28830953802842735,0.008785719517871583,0.0243394428723446,0.24266359826999154,0.31283067338580856,0.11220216396368259,0.0015559933077164178,7.834213269371403,3.028232850544292,0.0010579611102605035,0.024218301288557537,0.7792915883894084,0.005701219951688693,0.09961801533326854,0.3632906338354229
KNA,0.0006989957735750391,0.01831465852730879,0.5152248360911847,0.6330603846300432,0.022016661717496205,0.6791681035846824,0.01325427509807027,0.5331867956069843,0.08109038631266635,0.059917602834825605,0.21476004506697355,1.460998324897566,4.70032251749606,0.008513632010622232,0.6554687795040026,0.04023597984036675,0.09437020915071709,1.490702183888671,0.302930104393268,0.015314795260264207,2.7183483204008545,0.01724192650521692,1.203989944380135
KOR,0.10722971404152427,0.019506868695210035,0.837792610285233,3.4978657539405438,0.02424137845630189,0.12035387672219133,0.014815200237356501,0.14628919267542986,1.5029353798578133,0.8533673190469822,0.5200603556181487,3.444174075047651,10.976641547080435,0.06379776630814502,0.1881356839750376,0.05055417427360646,0.6694475772005984,0.06586606097393827,0.01767145418781442,0.024375056298072826,0.6939764614930564,0.002414520637380236,0.1593077290197985
KWT,0.14447717281027048,0.014542598173558002,0.018943263126713215,1.3907896232161314,1.048616772045836,0.13228764494103654,0.03667479507991884,0.7525040190139338,0.09662181031521652,0.17575240975813947,0.11982708289639903,5.0449848006263975,0.5014536059993376,0.15229141226753917,0.1312634888347396,0.12166191341452767,0.0066035576970179906,0.20119010276971097,0.07422299386023777,0.07494209511686202,0.5928478153119466,0.2979590838482847,0.006715580149507295
LAO,0.1856516487483327,0.018668080694376327,0.6249773971669971,0.004235667962837092,0.013366653670196758,0.000164511064143677,0.41793622287927057,0.02220091286659507,0.139698798165827,0.0015736500398738243,1.2382655915070158,0.04003896329041762,0.02522141451903743,0.0011334541467668772,0.03610118372223249,0.1737620725200484,2.5929755727621956e-05,0.005371647323157036,0.00042730958068988605,0.11942593879528075,0.0014963941381488358,0.019514317098611216,0.002232918006580959
LBN,0.05991503863801084,0.007590092958042636,0.5166305903645403,0.5869940542582743,0.7883526323212149,0.026354445089153574,0.3607633009528902,0.03240454210544793,0.6444492678008245,0.12790045113245288,0.6250157879259121,1.2206183340980539,0.06086542701230363,0.011730607527927447,1.0217099012805386,0.3847568256341351,0.029457995361802623,0.05498420333567675,0.002651622026097616,0.10941007466808138,0.48029384081412285,0.003914611964173843,0.2687056123812852
LCA,0.06734756139276643,0.00527392451010132,0.025175920807835206,0.3616095665180632,0.053945918229366695,0.4348898755626101,0.5441535642025543,0.11252379059031019,0.3145801592602379,0.21572919491806056,4.6258699885123347e-07,0.4744871163936474,1.0244713321556551,0.28880007122301604,0.2962086866244645,0.06495581090346773,0.07191248424224368,0.01667282763292805,0.021568820993704798,1.2821175089208259,0.7512613023934895,0.021508136608819194,0.21518187129640964
LIE,17.656923644309057,1.776794796307724,4.450140409606848,0.11656811099724869,0.07608697303066429,0.4196129221521059,0.9150046433650787,0.08253677955620377,1.4306129116010382,0.17403779618443047,0.0010735177064626405,0.005751845889023131,0.0022127510060401204,0.7493161268799422,0.25525568083586603,0.23995006710659847,1.641744417255917,0.5459290471135724,6.368079278978209,0.000864600042408602,0.7768256698420033,0.34668971998482395,4.427671446452868
LKA,0.1353047709455293,0.013611064907842032,0.20625539076456662,0.02752052415461466,0.6252436801580181,0.011716293829708986,2.095373325619449,0.25358248503027075,1.0424677601316499,0.0586181937310385,0.10945734036404467,0.25607904776954876,0.04223693170177469,0.007998092062584344,0.5110189537322701,0.0025762371292579033,2.999857530704516,0.0027065284748616723,0.43177355923412364,0.9716922098417601,0.17646653682614477,0.17182643866319197,0.0006331104831238788
LSO,0.2067399102402941,0.0005391136317151779,0.9075651761542955,0.015361993979401979,0.004640131683592481,0.0004057314078611205,1.749595212170809,0.267080293370538,0.4249144911349125,0.002350660007122319,3.8478560782336073,0.2687046646121916,0.20044395391561728,1.7949534097431148,0.00037324175823956127,8.197503083966497,1.741095066481723,0.14159103860555544,0.007115317851650774,0.5211049907556464,0.00010412744752508698,0.15477420943609602,0.014923266936979842
LTU,0.0038543821798258516,0.01914336758497317,1.1845509325421215,0.5572534165616215,1.370679935138227,1.6376729094439686,0.011905039465284204,1.023748038669461,0.6502980441046121,0.4031531252819982,0.7115079065869078,0.027766557451270445,0.35556829452578675,0.26564015199962826,4.706678254432944,0.11674963013012112,0.4038740908771662,0.9756140487550459,0.9353786849195687,1.3050460493204399,0.5118003187046617,0.3497255196090206,8.670772264048075e-05
LUX,6.474620565308956,16.299442544306093,0.5504585031155917,0.5930301098256759,0.03387396260259073,0.0003372614907148085,0.9620918446076612,0.2396712725590688,2.7526458876349413,0.1812027995568364,0.13078610321245868,0.056213837266409265,0.6602634591932878,0.2435885064230645,0.17780136145851103,8.27549829551345e-05,5.310780764144281,0.16541279304566425,0.40040565718496346,0.09164153928461743,0.08505761331457959,2.093700276269756,0.08340870903937658
LVA,0.006017196708874022,0.01671531999945645,1.4436077021063976,0.16610782276591582,0.584488893848425,1.2606392046743278,0.028665808849503524,0.4485963100351884,0.7205832963845139,0.143697309247317,0.3447390254845028,0.1463421550631046,0.21344356066628856,0.13433193634668483,2.4780978582292383,0.014613300594809557,0.10369295259944308,0.6071415541188706,0.42343000467485886,1.4175227709803215,0.32721764878184767,0.11237490078233107,0.7540662101269294
MAC,3.426268832108217,0.30696259471355486,0.35479886742722977,0.500509311858558,0.09420148903308014,0.9934338383818028,0.21048455640389188,0.5650416177217504,0.1590003354658501,0.3761189729788758,0.9003473718442428,0.010668247465128934,0.3150419641314189,0.002749337484804638,0.0033081594729986803,0.24834460660858235,0.03789992857837161,0.2577353516776453,0.825805940736208,0.009064563911471977,0.01331480630853209,0.01515320440244357,0.263937082266952
MAR,0.15838534097379564,0.0016206664954566182,0.05488705454047032,0.934472683916066,0.38026823114090336,0.012529606325624202,0.04182309451065072,0.006738700574089706,0.16200335639760252,0.0025877763026714807,0.0780763531287299,0.681061928493064,0.03122059003657446,0.0016709634018988635,0.04973547456486446,0.08069473265482267,0.14422189532676874,0.33452399269960986,0.024076229665664382,0.37415076663696634,0.13220001859562808,0.007380297978389309,0.014645324267215465
MCO,26.169322515904184,2.6333618796892084,7.380909733486857,0.21681611114094473,1.5072565848086426,2.3821177494164525,0.9711209392723125,0.009299973414829615,2.458394546156715,1.194114011463178,0.5607232293868082,0.0006565264876616698,0.03809965399846238,0.13431260909569437,0.23231759686389886,1.792072402300594,5.5389580054412395,0.8760145954593499,8.923479466542803,0.0015652097155915096,0.2603547211716908,0.0724149558201114,6.0498200879354105
MDA,0.18492528252885201,0.0007792427816796896,0.18698967140172096,0.14212796867164074,0.6090305402564553,0.026795770237217163,0.4601343632929425,0.0732959857847623,0.02356939553137393,1.3492974978397028,0.99241896348611,0.04325423229356004,0.3936476192285432,0.5610810853799617,0.027965568912432622,2.907590769696854,0.19039636898077908,1.7766415113547465,0.9002689771320668,0.9359256842447481,0.03133252647138518,1.196751506989946,0.3554695571566873
MDG,0.22354335089393068,0.00032724170011797714,1.2303976251711797,0.016444143081906448,0.15151080468197783,0.3302321503359118,0.8092426631813033,0.14148237742669037,0.05212023551158312,0.03062101493413868,0.049659091771447186,0.0013330634145147116,0.28437033240870546,0.6970229997782131,0.003927033977610055,0.8583304317197094,0.05669721077504544,0.0205095878105831,0.005434253900631562,0.36796662488226795,0.0013791434398939958,2.1037608791026812e-05,0.0062331721482088865
MDV,0.06568774069665873,0.0066788261351915295,0.010269180144116381,0.815230021675728,0.03850539870362173,0.4895800938837863,0.00011280049417262066,0.43609916546394817,0.25632227302696087,0.048681447462341466,0.03143418735779451,0.07517619884431775,0.2751561800539437,0.21053746821010833,0.14399778385523784,0.03668874663876107,0.31243933490027415,1.0616986238619113,0.5493749094951547,0.1163182855227727,0.06621451598163265,0.08441900523508278,0.6754091905393624
MEX,0.046748882437629945,0.009438823888938293,0.0012945316317493668,0.12758827452052726,0.16470424617672985,0.12016766573792198,0.7943558768413305,0.06490014918772814,0.11299657002781521,0.8275460743670754,0.004136055407061988,0.32316631676864244,0.1478677684827395,0.011286702931845565,0.5933929598373735,0.21914835639140162,0.06492359281791361,0.08912721196318413,0.0038703866364879777,0.5408806017406304,0.00277146876667745,0.06600647154184991,0.14263736181943212
MKD,0.11584725027370442,0.0019648788793632335,0.633914128571401,2.060769200027276,1.8751185558020464,0.3956964292450414,0.22498902822175396,0.34717568211839617,0.6977162343354912,2.303481213139258,6.419095650047392,0.4081442879288611,0.020897554286241397,0.04917684538478238,0.23705325462086305,0.3400405124195317,0.29047713655522917,22.011774737182296,8.758872989580174,0.0018036277331449954,0.29294884970557583,0.734542305834432,8.338905692894249
MLI,0.2141641980464038,0.021538321615777237,1.117429545454806,0.0036917396918136505,0.014720432859809866,0.0015811431632073057,0.10021163202441533,0.0012972955868455044,0.7804055118117565,0.42769217335658866,0.47028264153276017,0.002663599886089656,0.29448203337396084,0.26227960403541717,0.06387570573831867,0.0009103996580342467,0.08302474527010993,0.00877169738846962,0.0068561679661933725,0.02068055199331385,0.021866621197283647,0.028667197943341934,0.018790391122922127
MLT,0.03736961122690822,0.27344061823900195,0.33007995241073307,0.305346258737554,0.00021697223855823402,0.0745245219177382,0.0013040674193011673,2.5068677738382816,1.8270818176633687,0.7315565750148036,0.004663631439511209,1.4980128140125604,0.0025484484007324325,1.526461110647444,0.17271356756002795,0.9145505573540905,0.013666429626628505,0.0014924134686474693,0.312873253605518,0.03218490695855795,0.0007383690749923927,1.2967550651237791,0.0004691153884223094
MMR,0.20167213092060182,0.020283333472370428,0.7676168382804857,0.006811685489297829,0.017620864363395487,0.008373383268235389,0.06260346027632717,0.08647164109539364,0.37195671288514776,0.002738892247971331,0.3674770444302975,0.06985960773309575,2.7787451597552186,0.1522504213536377,0.122139128173457,1.645460141719766,0.011367938159716923,0.00463953247232874,0.14270136616645984,0.3231919302847933,1.6195956708082252e-06,0.041362409015614596,0.00510476798337689
MNE,0.0857823611403505,0.004929115493661269,0.48096927138334156,0.12087122872349915,0.030429992061108184,0.5543244685480694,0.06944870067112242,0.0005880913595399331,0.296484628684689,2.426144598773495,0.37406002111143316,0.009289192567973616,0.07851216870868002,0.13997661244698967,0.013262670485232154,0.0074631702599429785,0.10372519162382636,0.03445735225693813,0.3380607759211679,0.5167784949535856,0.4278265248334721,0.198542328374109,1.5392173648687637
MNG,0.13435848412434848,0.002447213370913549,0.02517257505794908,2.504108554703173,0.2827354999892487,0.26823416241778963,0.4006222580879853,0.5052739668676518,0.02128114851159849,0.004090268801142007,0.6439071963562684,0.1841102022514454,0.13109089628058063,0.3456190367620091,0.6567474599908425,0.0293242717912778,0.0019838798131416773,0.04184314868340149,0.030706254327835893,0.035189462476998806,0.0026036561867579778,0.3173101583249922,0.9895083166059446
MOZ,0.2203655454177438,0.0003697785932892347,1.0738914560526223,0.012776999459698166,0.0023631404117645323,0.0016790282760956953,0.10693851905585176,0.3722974658356333,0.18295455425657509,0.04639073579802627,1.6987140884439424,0.3694504101362829,0.02108603492611904,3.028553536704047,0.08577882626233167,0.24923291468050437,0.031385949440369064,0.013499969293546908,0.04118352973336674,0.007801608180873412,0.0013579075695661297,0.06395501288467753,0.16681107266076844
MRT,0.1981987627359369,0.0006592500289545553,0.8896597463012882,0.016726843278193695,0.02237639447866317,0.058753602923136326,0.12455547496578828,0.10947284853587229,0.44006124121488704,1.283795446246641,0.9813747251163778,0.037552219045357424,0.29061807789991506,13.326527144120966,0.000552457544294934,0.5831151032227041,0.0771720201804521,0.016517707270529165,0.000248939804556182,0.08974250661791723,0.028785801340515595,0.14002367852480538,0.21776024686695655
MUS,0.04512220706900147,0.008392078665525418,0.002205568718207481,0.000759270416669794,0.009667212611163729,0.0005687151401363766,0.10787083997454293,0.47436979112542815,0.008143130758504464,0.10471503695366687,0.500433444237238,0.22285039100346413,0.029886340195949445,0.059771730159581,0.12130355539272351,0.46174534215043356,0.012816892268481981,0.04644244757198248,0.04129633548007412,0.19305276303150656,0.28538973265699286,1.83569133685754e-06,0.3142896543778615
MWI,0.22441934316331474,0.00033170050054517897,1.2126533602418887,0.09290151080187473,0.00021891055776624669,0.009603968881157462,0.10719337081037661,0.010781500716129693,0.47116512416188483,0.009366549609692434,0.03018255338847488,0.3074583878523838,0.007891746917841013,0.10311073809529117,0.12356039050009487,0.9131694039674996,0.32368612291211146,0.0021357474742578165,0.009274135354584387,0.027230542480060276,0.05781869481002056,0.026093592753096806,0.08034935181761359
MYS,0.037481681818324265,0.005942148770643455,0.22963172214291458,0.6219039037091576,0.5711745014998346,0.5983246936249687,1.4646940070425896,5.38801314733455,0.011243767731465105,0.8706369062754109,0.3035066889249864,0.15049658021577994,0.016860645740972523,0.5322397860378048,0.20337304162465672,0.12648513209119638,0.015549668720075733,0.0038252997201104525,0.022566578680878187,0.6367165101753395,0.0297955282263716,0.017879913752375035,0.26150755859244146
NAM,0.11904695097899437,0.0032384062159365977,0.7567401462922148,0.08528076264574574,0.03706365565311944,0.03946500162211862,1.301184795116365,0.1668058922945584,0.6664246896990501,0.2898453314441514,3.542752161332133,0.3616425165294409,0.001553972175374259,0.00013235398039864338,0.01772274170402297,1.161892724091779,0.2450806253414275,0.04835407897850801,0.07552566158980192,2.881218621111653,0.0009389401298999919,0.2230704288179765,0.21253457287576358
NCL,0.4769250781900326,0.14286795414761513,0.005546610789494892,0.2071878710173604,0.7760401431754135,0.019199673467776148,0.139869351791308,0.07276378257818308,1.1915101466051832,0.07294677479654976,0.17056918363792595,0.023782432916576425,0.11962537352233012,0.04851939630432724,1.7550854815564337e-05,0.00627911794845176,0.03181402067454982,0.002609487471929682,0.3925598176897189,0.0032881878630161487,0.006302976066988974,0.3118385817430817,0.006088376907300891
NER,0.2250419940675591,0.0003243062987403798,1.29454299662984,0.028343489379518676,0.03186251520260189,0.45739663121800733,0.0762726158077581,15.331927958601396,0.0159179084512314,0.5492760667985861,0.025911395489822353,0.23312026566504324,1.4153765820741359e-05,0.03285839457035455,0.04628882380235445,0.3584742187655704,0.057669042884967825,0.03255066614602077,0.07527854658661066,0.17635666810818545,0.000104220773903094,0.07583850130370104,0.0010289814046433208
NGA,0.16508389867928353,0.0015065279955830538,0.06037168178502761,0.7996733229264004,0.31139077618351424,0.19434250315081153,0.009366273792369487,0.09440366404764164,0.26742024490370375,0.1061559493476056,0.0020798412348714455,0.18398146326045042,0.4228608510394748,0.0010364398715659363,0.008500696692203564,0.4625807949834998,0.0007213978732218452,0.0016935575923675932,0.0012654441971793346,0.48001548639772545,0.0689058327820284,0.05668442750668918,0.1365918715547099
NIC,0.1787441735624791,0.0011806648771680926,0.26637912461521424,0.3208165453905414,0.004146134515542365,0.6092341769075275,0.08042642980440505,0.14026179187442053,0.03443906879691087,0.37058063447795353,0.0483128464722943,0.03262704308427374,0.2415749128018367,0.1638452382380415,0.009064758454216407,0.0558016988792044,0.026296846140997313,0.10414490386790054,0.00010248916295909853,8.930941288820059e-07,0.005149844157776009,0.06865572956798441,0.07398991932151545
NLD,0.708983139104192,1.8256725992347616,0.9849047452505935,0.23058384564320164,0.010030222268263445,0.21109783081267344,1.0949108969808743,0.07223505670655371,0.20488445802649918,0.22370031774207982,0.06869905666847465,0.0027852827746929084,0.6250713287639202,0.1113845855643534,0.14242613777603447,0.012483405748530364,0.21555299015379337,0.4747002579814625,0.04332920040692187,0.2997255426740955,0.040121676599077914,0.3005690381221326,0.4794170967430736
NOR,3.0405971151442333,0.4099396242432234,0.20584323747145494,0.14939218135259433,0.4250195106118624,0.012674759926321591,2.0349537723717663,1.0938671886996696,3.2974762031891482,0.0038819137384930595,0.11513183354758258,0.9112434947468895,0.6205398591911769,0.9527150556500482,2.5879833495814935,1.5366263952131938,5.650823600817716,0.6333065951036597,2.4323000869061855,0.1351596832109229,1.2836862301383356,0.2268437917885794,0.13222830412872588
NPL,0.21449528389691502,0.021575491019969938,0.5143104577252612,0.004660896681239698,0.1096613630335912,0.0014891025561950318,0.03063138008629331,0.022425849435222075,0.6516311734566903,0.519391985492749,0.46371548830692616,0.1505144373559999,0.043893048533845305,0.5907959788133235,0.2964224423084629,0.03217056715729435,0.10096003964977586,0.045428804535109106,0.011915927258158305,0.030933053601248386,0.05585247618077031,0.3549212928969652,0.10326431237104404
NZL,0.41263025439886514,0.05778462056008833,0.765764684878119,0.11573696584560275,0.000153783026574016,0.2631329040606724,0.2723971634464939,0.06492275847704343,0.058546247507524365,0.11945471462148667,0.021908114750515444,0.1627903737522164,0.23333717815631677,0.3018611152833864,0.10090748965142629,0.8075418092520654,0.11273824144870802,0.35596833759008617,0.11829393052872929,0.23547166335857952,0.2694494484196503,0.0367578040942912,3.1859314708775197
OMN,0.00032338213335996466,3.237249428996558e-05,0.08479037713249796,0.9424096014538013,0.9412419653660393,0.17593441291300593,0.08783393358791844,0.29147432098274095,0.29629575501765737,0.00035017814594648936,0.026805260981255522,2.5968849735795714,0.07973861978889998,0.013531228756337239,1.5019704744488096,2.7072947317249454e-06,0.1426491285237763,0.0016704327146443492,0.00287402764333046,0.004078952747772818,0.3520626000875993,0.16811920429850757,0.04779248344572777
PAK,0.19576201947438196,0.0007677207000790594,0.6619669997459665,0.12734149229712666,0.41088338978728906,0.052196581354975284,1.0239709506839978,0.016537103383967508,0.28183142111677956,0.8304845041884458,1.052519382727408,0.017969207043955514,0.005088825165587977,0.027965190173340836,0.05503085997555463,0.009206642795094061,0.05173995041337468,0.0078723370511163,1.1910128541395126,1.1593887822789581,0.0513149106527241,0.43216969965695684,0.41739231621703254
PAN,0.007953406473978112,0.01542935557859149,0.006435223179015302,0.023943651372768895,0.18181587135069116,0.13021374681726583,0.1601003414121098,0.19753002817499385,0.25836689208868424,1.3299810702998904,0.045800163712874646,0.15896077637002828,0.021770073473775547,0.677554922705421,0.0002471855829239998,0.21772417210025913,0.03286656978417544,0.051918228596094386,1.6298225499675064e-05,0.8650229380737156,0.01799834349260847,0.0348836421490773,0.00026750955263635327
PER,0.09145075766218166,0.004496343608153199,0.005170632671283665,0.0025919719764801543,0.12310148967990553,0.18963022167814403,0.4568251502494649,0.006833644723107696,0.11425817232925313,0.564006221700639,0.12785419398280354,0.0019712628272987916,0.3907972518708007,0.055292027785757564,0.004369231078129919,0.020630581127891876,0.024402270084116072,0.03485206236467521,0.0025645482639306645,1.1953197763348176,0.011589657536557038,0.02393427572137405,0.00018649326675986596
PHL,0.15886050838926327,0.0014924339050491472,0.00034753579753648417,1.667683838871393e-05,0.070897074843145,0.003810503244993837,5.399524532933615,9.791400780818673,0.031588718918183635,0.1763636707697323,0.9286151315514158,0.02104865543813646,0.06201932494290448,0.0014641678000863532,0.11958874232478517,0.21356185562434155,0.2182596846496796,0.2279109923847182,0.5682002280326856,0.06993327423929632,0.15142291483406142,0.9994198328354835,0.07902192309541817
PLW,0.0032141438768475685,0.0003237857627816711,0.04377890678130345,0.5815622539674077,0.06188695731938708,0.09118080717132633,0.07033638069872544,0.34663899188495406,0.09185036944789182,0.13861071908207667,0.1482990439533088,1.3962129312220941,0.018186607021017615,0.03036080058595284,0.06101827072236811,0.35373892541590113,1.6498784679099687,3.810595994729329,0.40436749650559645,0.027390530333880538,0.48467133275677016,0.034526795430117996,0.898340800346502
PNG,0.17528138695306814,0.017629337364175483,0.5512163937981683,0.8675988917688185,0.027783828596127578,0.5893240119087069,0.10749744064585921,0.003089512708405125,0.1585989361407248,0.2237062790988262,0.04347200614700128,0.024262257184861614,0.13542788414931028,0.8169876514261748,0.4843125797569794,1.0250651284020562,0.43982266654635366,0.006255600016282587,0.012807838746367869,1.8683591226085297,0.008924426129859067,0.12649254101188145,0.3119817157893094
POL,0.012581745711541489,0.0069368898456133475,0.6729715540320614,0.2527640832611339,0.06196284613282326,0.09039189682396771,0.034021699421406586,0.02802181932422862,0.012639007295358705,0.03991454624098043,0.2646522568771335,0.23397141569636798,0.12819010460404062,0.15879976659690617,0.5195776230307602,0.00047663095381361204,0.0030494486124135987,0.3324922260657189,0.022882179062298773,0.2133156814133575,0.08903077251612757,0.08751665939915673,0.17884753086926408
PRI,0.12558173273619955,0.012635093655190962,0.6117616937335085,0.38507630228329,0.5865381122343442,1.0283550129002628,0.06601380583523882,0.03370826741043801,0.18314679342591433,0.2915271028126282,0.04313584105377377,0.6234913842292749,0.0358616331803962,1.2213662055430112,0.2724295599341147,0.14791154919105354,0.21151856384459314,0.00083363455087673,0.06699085520548231,0.4623514411896262,0.004516618309986,0.0009827214904195708,0.00030628431597198483
PRT,0.007844588306177475,0.023891022590856292,0.4524018913357779,0.10786843399939729,0.0030758504917497613,0.04685353587166241,0.27968961665132486,0.19779594031118877,2.5081590159502328e-05,0.08134881146334,0.0034608275256768073,0.22693865974320673,0.38442281845359827,0.32772637857722287,2.8557889872756967,0.08290290128813219,0.13927680041919283,0.2795778029888488,0.8557273059995555,0.05149754886809583,0.2980152002553879,0.08838387933226012,0.0319537753153417
PRY,0.13027676080595804,0.0027400832486871324,0.007922476474125617,0.021782274818800292,0.2417571467372213,0.0636265413239804,0.047225014481074114,0.007793014384366211,0.0003335018915763496,1.1740645904591396,0.13108539518518586,0.007908896220581498,0.056448822012505555,0.7996998420020343,0.2121098100776724,0.0013383835994690448,0.0010372535079563846,0.010171689320560083,0.015397202256315953,0.029356826734039203,0.017352163964562545,0.000608544966484724,0.014692198509140697
PYF,1.235119738257315e-08,0.026144167973745157,0.07016637800808458,0.04427663503710418,0.38265419351690066,0.12791018405765497,0.3108649999119603,0.05078969822820353,0.9090102085896378,0.025346255378071482,0.07434610067397569,0.05989042560615284,0.02236293484840005,0.016557456746278208,0.0028638687357764227,0.07616011459662331,0.14199823202722914,0.005952038284105391,6.346741560892615e-05,0.0015332248084548167,0.002519159507088104,0.04022046433681665,0.004427163337079125
QAT,3.0238576993671917,0.3042836346278231,0.48697308587374855,1.922868833748887,0.3171757660465804,0.22367732778987642,2.9572801559247823,0.6535985022614749,1.0207656095402635,0.913519742274321,0.1347786608567152,1.5469977012789826,0.26406108971823733,0.014658746327164941,0.6091656130657873,0.0761862107390007,0.10665245543974389,1.6640813128984453,0.23343526817635893,0.003584608483065902,0.42811500563987664,0.5175220229736818,0.0002044601995281581
ROU,0.047193604995673225,0.005068434675969628,0.41046996031332433,0.5650493216980019,2.2714412457499122,2.3234372722415935,0.0002401218741803967,1.6329724178236555,0.48686987504440327,0.8147023537160966,0.18772324027243475,0.3741967225472096,2.0567964488580506,0.001348735034907239,7.657783805472942,0.0659778990789544,0.0070415429593420585,0.2292822985927148,0.6335804198026714,0.09089732661233264,1.2384838082485332e-06,0.13859509304290601,0.194156191416977
RUS,0.04428093261773173,0.004374314503596158,1.1563304338721139,0.7065041241900202,0.06836932574464386,0.009161507145113455,0.5355781914413078,0.06260108524908788,0.47930605272075555,1.464016170308106,0.0884407219205571,0.012733475087885943,0.32201382484283264,0.13646056836325396,1.516365167618132,0.31584757939349245,0.21070663285840474,0.006577422949106717,6.6318231581021125e-06,0.027627803504545193,0.40065246146418054,0.49347690002467787,0.0630494771967897
RWA,0.2155723251107169,0.00045272879145905385,0.8336706444894599,0.020071289691640785,0.00787448897103301,0.18002852990670357,0.03312590311159565,0.01476429374610169,1.6113665932437806,0.17226834331184923,0.12425629354231404,0.023363103686741837,0.03013174084174495,0.9896543534321928,0.508328638061351,0.4225291117651646,5.249075060990844e-06,0.06600360521289259,0.002123720097841539,0.989129095835451,0.007633078704583613,0.16185259569528032,0.02360741736045948
SAU,0.015957279824249705,0.0016051824506605177,0.18786116377958087,0.040802545722997234,0.20968495561494016,0.36216950546909776,2.585864887719853,0.20071978402793278,3.0457011787043355,1.8653199804096054,0.14531544679140318,0.01861767627972113,0.05293710722285454,0.4617974496127899,0.07056379921269648,0.1416761064519273,0.41413630593223394,0.02844350594781418,0.0036718136656961327,0.3197986971449573,0.017987990628815922,0.0752944758315338,0.02503057375676061
SEN,0.20957533635764414,0.021070393364993785,0.5720621950391362,0.24195341617676253,0.03239737170579631,0.03505863259875147,0.014048171262425238,0.14793070874803757,1.402701280822462,0.31812830635765743,0.3095226093119188,0.16401062612965597,0.5911786579636072,0.3604004157151307,9.038795060198069e-05,0.7477622938933532,4.3863753309042305e-05,0.11333860498429447,0.004599265935114587,0.21665091981438292,0.058406896085764465,0.10758098566191805,0.006281429684247758
SGP,1.1958913365025234,3.1364489072941844,0.06960456572088798,1.091978749854772,5.131790105559646,17.422220608311555,2.9620628383569074,0.0012214577119370371,0.22859090291183473,2.2663559628513177,1.1809041493436996,0.060570693359471746,0.7188775104779306,0.6263206299791125,0.002072083599763744,9.829956567245835e-05,0.8826158129531595,0.9705618856689933,0.03125199134114551,0.049777217537298024,0.006719861985686939,0.011808705195352626,0.6844932085357023
SLE,0.21565524951537487,0.0004476880505430123,0.5033593879463607,1.5677995493801662,0.32607053686319454,0.12672535819789996,0.529528448793366,0.035608359320144764,0.42377320790577877,0.1735053716417205,1.420630884985141,0.9506336766078672,0.7884184505892399,0.05990924103947563,0.16097910423928474,0.2881605887852319,0.00024652332682141705,0.0062301464131557325,0.014857752429409883,0.09586900404628626,0.5165074483805173,0.11853691433290728,0.03536874467124429
SLV,0.12904946325707528,0.0022553861570793806,0.24844242623526738,0.0009522747886854254,0.018515060378770373,0.10063178264717554,0.2686212320854808,0.04957947760263365,1.4224054001783384,0.12825252121731226,0.2614869172680082,0.15324153829354847,0.09932985707187536,0.19543237982080736,0.04145068106947319,0.044885478400524426,0.36959973070573365,0.2534358811289454,0.016623686466913534,0.3114012264454114,0.03329205486002446,0.04125820414962486,0.313620478457245
SMR,0.9916597868690414,0.09978763684100744,0.20805941514025333,0.6603417642769862,0.004612434302379976,0.43989400098352893,0.011368044449297786,0.03157297587347294,0.05063567996791935,0.006853771132731312,0.6548959194450227,3.47689538903584,1.3812594926264041,0.521338567969766,0.9954647736943114,0.030317469875664315,1.5250529624726032,0.23422144453881538,0.4540412132061378,0.1185008010750444,0.998120374168401,0.2416932166365163,0.09346380400800705
SOM,0.21950059619048234,0.022083330397580276,0.5958278710640967,1.6132723686544,0.2672236542700593,0.11086038899439961,0.19316078094227418,0.05938044056519127,0.13626313339226193,0.00757699351931283,0.008258214844009378,0.060081786381097846,0.5765029202759305,0.00047697228137117385,0.0004167366367042377,2.159244579746498,0.19535333700507415,0.027950511732043142,0.013350247026497545,0.040019115912407824,0.0006182740445991162,0.08917347884263238,0.13000648949345636
SRB,0.10994939344777863,0.0018603535505061098,0.5198312644384071,0.0187110431660369,0.11747879756611829,0.5942234390145776,0.5713917214545683,0.35173029330166045,0.059284192058893445,6.558492397517749,1.6514827160529226,0.025081143869022004,0.6390448609128777,0.03832117652974998,1.2321967152222317,0.22767934950043386,3.558598237920588,1.040257263519577,18.003994280655018,0.25214372491639825,4.62917981315528,0.9420683056395328,1.1836684485580506
STP,0.18675614318394088,0.000984566223545417,0.34238103140418535,0.0646604580788063,0.005128894711722456,0.39441448561973436,0.05435990070719947,0.14718722617632715,0.7765422210733782,0.3631271310978585,0.3687802643018929,0.4257441470849221,0.035451847530190865,0.5224835046210001,0.015018285422322947,0.01647789919937423,0.017044320998682146,0.052956672503743175,0.031043384519422835,0.00045542567985681464,0.0037867897454021433,0.010548645896306282,0.03516190413663538
SUR,0.046435801932147046,0.007037671970692643,0.018131335182157073,0.00647868961498098,0.3581696444776758,0.08533141148510186,0.3689839238245461,0.7443097476781763,1.850281631214517,0.5005496621751351,0.9540446899824221,0.0032682027120107967,0.000962232222477018,2.760008090370835,0.07193462612484436,0.32228852032051764,0.0008749227293826105,0.02210915088522904,0.5821704207883384,23.817508092031563,0.06492028908005512,0.002444094789480552,0.043277165713436413
SVK,6.812678637284345e-05,0.0075058230808339975,0.9176361280146093,0.11235820624282178,0.31959082122596444,0.2974422354322481,0.2662733628900734,0.0486720274641907,0.004973847482185211,0.7294142931176416,0.2315633734714236,0.6196608227717576,0.05718720153683286,1.230745281116207,0.02636145040827945,0.23980147974906732,0.04580062895098467,0.044829553391038626,0.011820582008973493,0.25034018474882624,0.03389474251874735,0.0275160661810431,0.016832622764310634
SVN,0.01772968346177449,0.018442409248858736,1.045464098288604,0.3130939290913855,0.02129755874122925,0.509326247534307,0.20632678390575857,0.006526382391733038,0.41819677570855024,0.929677663481885,0.10069611236129057,0.14652824480327833,0.21957824181701824,0.09113870091309381,0.0011803324657809324,0.05356305964502177,0.00474591370802453,0.2420889918286576,0.01011272280563418,0.27419653986791165,0.43968536921317364,0.20452338847373402,0.9347184238262356
SWE,1.0309122784909774,0.05844765804583179,0.5714616473095919,0.021377395250585438,0.2263396374077433,1.312915008528895,1.5028643844076321,0.002209504823461887,1.156911820371607,0.0839445424499857,0.057689762837422366,0.7422726056342295,0.7050935303026042,0.004786810247125246,0.04862905929047253,1.4247836851997873,0.39394207920155233,0.041946257928045835,0.43175975858004323,0.016880189091266394,0.8274679844185282,0.06457078255906298,0.0023823149046789498
SWZ,0.15300009283544555,0.00014410288791098083,0.44683560272102146,0.5693004093896501,0.13921528322751403,0.009799974456708433,0.044792659151658025,0.1135052731149945,0.1956828385858687,0.1055127984772021,2.261983688580859,0.3082405776029182,0.004225831368010094,1.9488361376919658,0.12791813477315567,1.8789775492301088,0.447729538221413,0.030390237545458228,0.014699484034120712,0.05921928836982867,0.0001615420925040122,0.09427627909472086,0.33833781809587404
SYC,6.737039629058729e-05,0.021609413224780633,0.05633753673483765,1.2151982723097892,0.1862054898420032,0.8877121633293774,0.007578705859536636,0.22776563386436896,0.05043965825939087,0.034259274317184334,0.11700193911862504,0.3845392376349782,0.00294948570640627,0.07471941224736225,0.023234705549979116,0.10160985764460295,0.05050278744300887,0.005752132245586329,1.223753119407733,0.3132245637493487,0.12128178058200717,3.223299012056112,3.852722080940797
TGO,0.21972195060570235,0.0003957851485642351,1.164724283087014,0.0016988193179401844,0.027000526264862823,0.05730187674013241,0.20370443704789476,0.10034834105979834,0.0900308465217394,0.03042629592384173,0.2055933878506754,0.40448338939736556,0.5752062726182482,0.03441807380733411,0.007239459050354696,0.5529432853462395,0.014274494688858922,0.06696488956230563,0.0012092390724502719,0.21607427195140017,0.0005338834723810248,0.014732385057347976,0.013223546843814871
THA,0.0970255272505948,0.0010464114608788426,0.0004751829607398463,0.8724608127156482,0.035394345786505674,0.004775835241781573,0.661729100428106,0.5008654437741585,0.07045212672014499,0.43635192669964534,0.39410901363180156,0.0029777348132181735,0.004546477239295368,0.01294853536676639,1.720708662231291,0.003667743199035546,0.0869253862210339,0.014527295651856597,0.010669749808143981,0.11040034793010194,0.0056503932852807115,0.040278555654131395,0.06033818045527269
TJK,0.20927178008632194,0.0005486370758759816,0.27164174655348977,0.4125456808964154,0.0832332251501451,0.9108144455440257,0.2583905969815911,4.475031732700429,0.7981987975367089,0.7537464003465093,0.07892786830668325,2.6069731504363087,0.03140435346318603,0.8412100457768958,0.5532807100669529,0.5530818787186262,0.029618133663763136,0.08743263995725471,0.16268965710551644,0.03199242264415104,0.13557506563930274,0.04250550257315683,0.08698359829878706
TKM,0.0770036499376094,0.007744589901270481,1.0238641756876676,0.0023360088907258356,0.07153683519978088,0.2329470495781947,0.0910903150129655,0.01681862051616649,0.2902229442213427,0.008017596119111414,0.03998345929970811,0.0007049991217985958,0.016954855947918627,0.26964524013402125,0.14004932163621725,0.36116857890656323,7.657136172950525e-05,0.02473382332267527,0.01682994423510765,0.07547559222564074,0.0073357646468166305,0.01903700870637139,0.016766632090880616
TON,0.13486542028420984,0.013566701871714324,6.867761069065952e-06,0.03310406496643378,0.11448739687756745,5.475223688798567e-05,0.7149587454979427,0.3852230672017996,0.42284717228431573,0.035692882671507754,0.023884268778168627,1.8404613660149376,0.2801944280411873,0.008511640179739688,0.1742017513132135,0.5168274136283522,0.21161680240911665,0.03965787771702092,1.290130439168125,0.25177355947493274,0.1266935314076031,0.06257320258583664,0.17425561472397447
TTO,0.015671998780877435,0.0015784517051958026,0.0735606103404367,0.30952437270129485,0.5017613445518473,0.004582125266766708,0.24053728564898305,0.4289031438783044,0.3846474790786034,0.017040637855826293,0.4417989713642892,0.03040152003631604,0.007025757850234966,0.6881010843046115,2.3524435067264503e-05,0.3275856049827143,0.006681700325893993,0.008387957305091584,0.004080693268088196,1.3020235249704042,0.1530878444362481,0.020880121066865053,0.33227377339490405
TUN,0.1365556430136015,0.002521543392789323,0.026430084940378466,0.36680806666943544,0.128857271692032,0.2715037746390859,0.37896500525268606,0.014375366628024952,1.1572238757649493,0.12754891942918037,0.3637691917016671,0.13772880060140485,0.10814371079376482,0.02324642953438281,0.15507686251294447,2.0552465086417904,5.9420581827948125,1.7492746242447692,1.394683890050064,0.10568116138372831,0.21334093870317825,0.6539777010208113,0.2981364082756118
TUR,0.04519925930964271,0.009142476483056916,0.27172084050671536,0.994085480637977,0.11082273283664966,1.17212687953959,0.030000076212169765,0.22667201289385247,0.007850722349664004,0.4051139730336139,0.10979775393645182,0.04937232363290963,0.03933130777070921,0.1730940640667684,0.17816577519604665,0.6279776798530612,0.048587362945611556,0.059793676874054805,0.015595483649537775,0.010206339420223486,0.018764309295262464,0.025002952598615166,0.04801285962004104
TZA,0.2116277721288525,0.0005144173084441216,1.339227866687323,0.01775291899905271,0.031812710266496916,0.017113401718072557,0.05489299915087283,0.06602190331036967,1.014191420087224,0.5162991946690713,1.4720957477986587,0.07262510933027687,0.5244372660297837,0.03218427921627768,0.027931793585510813,0.04704676279037345,0.10199410003355805,0.012949274110017263,0.0036391721246808568,0.09270091354986891,0.0037412644369004665,0.1141588721031273,0.0029784695356937056
UGA,0.2161541463473118,0.0004377885418798042,0.23958369723968237,0.3652014415567733,0.0066233614666740695,0.46041396205980273,0.3292207414491739,0.1120825061777248,0.20788498036318295,0.09797685285974209,0.7529322242546247,0.07614144315642896,0.37729873251872614,0.00017629917347394827,0.03556624130648515,0.22312377677802292,0.302456738702929,0.04357098088728576,0.00030573365279210394,0.10312279883384633,0.02212681894151593,0.008161204857417859,0.022575228344610343
UKR,0.1808385410573143,0.00066553689768293,0.7569945398326712,1.0004908985261671,3.859398999418874,0.7642826105533178,3.0428358702177793,0.13331656551232854,1.4316286709293329,0.9485706274217117,0.14186887436566206,0.42090617301137306,0.05748989768679446,0.7136621385479915,0.28950131455207423,0.9948136201284777,0.30128729187584524,2.7348341397951015,1.3218955755340087,0.7716981894018554,0.6370263492568301,1.1293006717658514,0.7247811573317999
URY,0.0004025107626050911,0.023449794832769728,0.15621486452795477,0.11138092734651706,0.00038007676801232347,0.1269301436889562,0.2100605712030398,0.010164770954412561,0.0009374559883828808,0.0003620645094555755,0.003576784997183019,0.7884990605575395,0.23872270122461736,0.4169262669495934,1.548243253730756,0.10487698437119518,1.2135476246261692,0.02398494631326869,0.15628281751192113,0.7802777277500154,0.03578793638445759,1.1995582400590292,0.2641387310907374
USA,1.395860358302765,0.21095945884767967,0.14718657601601923,0.9211613514143312,0.0032450068450789794,0.3067282112901304,0.04303065225889921,0.06651390379055235,0.7879734090086696,0.10809937886369242,0.0414968001973379,0.13433848961288103,5.356747463160905,0.1820472514198891,0.9158457291938077,0.1689165096819397,0.04028901743428549,1.2592114427708194,0.2784579733887382,0.7402279764172964,0.10804157285098878,0.03099095460433287,0.04350801145706005
UZB,0.17753679704950184,0.01785858967008487,0.0772453832367747,0.7706634489358767,0.2588719049461396,0.19471225703616052,0.014229823109482662,0.08307240608422535,0.2860248366060628,0.14175823896599493,0.048258860974075564,0.21397005814410186,0.10647860078544918,0.5979585588585659,0.3820852555339426,0.005316270855630008,0.061964441808994714,0.0033615830066606985,0.011012192682536705,0.0022649604828107674,0.007402899391716028,0.08825042657504227,0.07404748082868945
VCT,0.0791446544647121,0.003546743266418745,0.0648815884993271,0.026580545063635184,0.21106205369216743,0.0094982874735505,0.87074534939288,0.5298165080542625,0.4821331966081824,0.2195198169847987,0.058313147709522666,0.2364161453744905,0.4569748207028528,0.21341197314951418,0.22718548361756913,0.0027442049561528688,0.2202234541398185,0.08428823240793615,0.05207974363363589,0.015224513951058803,0.20388821883144967,0.12009178553157743,0.026562952657716157
VEN,0.016602720688010556,0.014270989598513743,0.3504169451485436,0.32264081732481276,0.2737915508017609,1.8751227446351644,0.8195580043529386,0.10619278707435076,0.6554743609956745,2.0100473365976654,0.1845628894679434,0.011591701201241793,0.028536683489143528,0.004083690034145628,0.22616548669124675,0.6153494395940499,0.025154839058022804,0.3247771271361885,0.022471504399743988,3.1833294740214497,0.048267459418897436,0.5713179869466601,0.2645958610970871
VGB,8.966009058341074e-14,4.801913441833335e-13,0.05667827453849742,0.38872291733319486,0.0026347911173345397,0.25715470439345245,0.46146871707901244,0.0008568714547171885,0.5121410078087295,0.006067450006777351,0.2624163322633395,0.202774376389278,0.044337882847731276,0.02281400091391757,0.09078473834699362,0.018680780640869612,0.004591593122291314,2.1566207994278073,0.7369618569990308,0.01336362237237312,1.0675713177551032,0.6157280474066961,1.2186338647110417
VIR,9.124609235433325e-16,3.97381431244582e-12,0.0007951837833478077,0.008747567379401829,0.0054152808555108095,0.0008785597164508474,0.005678242908185102,0.0016275165377681784,4.127388525508082e-05,0.015660494218462485,0.03178031020544723,0.33018784251626204,0.20475530274100961,0.003306146375821257,0.08022956855389311,0.11002330197516115,1.8362947280639437,3.908267313870588,1.265990198979873,0.07084971681098104,0.21975743484925744,0.7807545020837121,2.6251950943577484
VNM,0.17806476576461358,0.017918630203173542,0.036713307948592254,0.01830248649824885,0.008973452601718966,0.8237496020053359,0.7542867467883404,0.666915595633832,0.7194969173948945,0.04949906243214069,0.2749709995721777,0.5035079577405189,0.0374966166837422,0.00028916670072232163,0.05462090365005709,0.7954743485946583,0.11488578398830966,0.03356201330905691,0.004686565872076774,0.2570215663994357,0.02056424689738588,0.0010764262958436516,0.002355823502540723
VUT,0.15602060018030406,0.0018257685967568162,0.16907697998171223,1.3403116771672068,0.12896505704451428,0.248275242841956,0.06368589152620388,9.399673270528849,0.40066457569032093,0.0007002824806348993,0.4970740582547816,0.7756381650859026,0.5252756071457991,0.2982572782606976,0.1280591791061045,0.21369391866917842,4.22506278862318e-05,0.0012486882204012508,0.0027181863283547267,0.43671770187187514,0.10535047438804783,0.004133674308903298,0.3172945567645507
WSM,0.13363593549807523,0.0021585433139357404,0.16835834770291888,0.417029286989512,0.18183956210744215,0.10013163335995855,0.11575416608029261,0.15155040334868738,0.1099369876499962,0.13833734487471522,0.07628288793835976,0.11006712538697577,0.10504760600580118,0.026338322665337904,0.2527826343226362,0.13944854150799998,0.5004054004995688,0.04238280210703421,0.017866311834904308,0.5110911072765598,0.09336994296728904,0.01301026247810119,0.08180816672967928
YEM,0.1981194495420342,0.0007433257427430167,0.38637318367948875,0.05115630617482679,0.0026314677151027203,0.3160827086365132,0.11499479440838804,0.19420475656451014,0.4225120966904756,0.05710911347623211,0.22841129701997734,0.0003116314830268456,0.030088514447355125,2.211493696651437,0.06408329077023432,0.010279393436810362,0.05022271457650027,0.0003064439742410417,0.008385535441148442,0.0008311966803906814,0.0021836367189490553,0.03062184299463838,0.11072454890372438
ZAF,0.09937105388713928,0.0023450302837724284,0.0038663226686549163,0.8710903741262551,0.6639534195129017,0.02643179561624548,0.2696707950770807,0.12482224494627177,0.6072236489577996,0.8405088057835128,6.490610104611506,0.04391935575124066,0.17746398683609602,0.6605358027833255,0.020293221515756778,0.0012524387697971351,0.005349254863102069,0.04733636927623674,0.09943024527636643,3.0489408632572053,0.0672708757039179,0.24416951473523762,0.7549501905025922
ZMB,0.19756189688397036,0.0007568908915443194,0.22461934676060016,0.3963937490197001,0.0009167871721638096,0.32413771507902467,0.09649845076025522,0.12143802688785334,0.013930144945135458,1.1752836230395163,1.4778854831666528,0.10910701989801827,0.03825367436468758,0.00612750830782556,0.12329367540283556,3.1376910050728584,0.47251801297017276,8.928962505109836e-05,0.03370109141661055,1.1975783978323593,0.00896635561052221,0.0024172231890553122,0.044952689360127425
