CountryCode,F1,F2,F3,F4,F5,F6,F7,F8,F9,F10,F11,F12,F13,F14,F15,F16,F17,F18,F19,F20,F21,F22,F23
ABW,0.07976158958762679,0.32619853262549514,0.6899396158687612,0.47223562557364523,-0.47778951427408317,-0.07274862242145164,-0.8690830856442217,-1.3332771203774822,0.0028672724420455886,1.0749617670766198,-0.4197945501160976,-1.835781206372222,-1.2157952884822294,-0.13127721256974118,0.6895495133735957,-0.09436533820794668,-0.23349999797113657,0.4957559363834116,0.1721129117300352,-0.9278390330128287,-1.0415878070468156,0.9643775570886302,0.0
AGO,-1.0020766154686125,-0.40812979857472637,-0.010210334449149247,-0.3563669590031835,0.07707305511917807,-0.12893894188795635,0.789810288555009,-0.02489301605618346,-0.12228504349100101,-0.01144889279165487,0.16408163896158606,-0.23915180471281536,0.3596111240176614,0.5316333334962485,-0.0857815488384561,0.1153176159810783,-0.3059041252530915,-0.41081547715192795,-0.9300408330791333,-0.18192446144897712,1.0854017365456141,1.1073275533743636,0.0
ALB,0.5054490197754619,-0.5523304528129845,-1.0555886403984835,0.07218774787889864,-1.4157623744572885,-0.067593985613321,-1.1129803166657293,-0.4107333405079187,1.3222547562941276,-0.027652119413329557,-0.7852363192860471,0.9337699362371162,-1.6231825643229278,-0.6896617142258128,0.3631174654843248,0.49921792806701637,0.23405628207135765,-0.3345904462880258,0.44090111530187714,-0.08643741480995859,0.6372740911380144,0.15452242204556502,0.0
AND,0.8495648240942986,0.4550241395343636,1.1810416334280838,0.4376738485373978,-0.4230549410826138,-1.1010232462961183,-0.30594871424339165,-0.4309249867155334,-0.06475992532890154,1.2449770171050378,-0.6472987479922887,-0.1561576542478512,-0.8338667982234047,0.3132109148409528,-0.6486189625644033,-1.6744164893833302,0.7976616645873678,0.33503170937191024,0.09243619665731029,1.1796651180195126,-1.3118879072979723,3.0093650909034073,0.0
ARE,0.5821990889699863,0.43338937186024246,0.13598553172190112,-0.07856640565122396,0.558164111733733,-2.1296556587375797,0.26949062042156446,-0.3507595662081114,0.7756237048015958,-0.1554261669512439,-0.6106342649366086,-2.2395201212980904,-1.0940175793708935,-0.1465850426083046,-0.04697695897576925,1.366928319290889,-1.482407619347772,-1.1917912931788432,1.2755342126694045,-0.7339756838141748,0.07444047013180506,-0.7028407396342471,0.0
ARG,-0.12590836321094423,0.16248224011850526,0.529931915743082,1.3237189231251618,-0.2701219786652445,0.22045270654106588,-0.9970354439081471,0.9752876730430042,-0.19504562114291593,-0.5288255924847374,-0.272772282129966,0.9131116857123782,-0.2509779030540088,-0.7882892541568017,0.21024459621881708,0.2578170840615142,0.1078575623675095,-0.5266206626208801,-1.328487329848574,0.19025416961637817,-0.3999329617391668,-0.18005639204611346,0.0
ARM,3.5245071634507483,-4.211915233407512,-4.828446912018032,2.136464363509773,1.3145773069426572,-2.4782898117574947,1.1917238432173856,-0.14975248901510554,1.5772476125864678,0.5780008560818088,0.4651048675902102,-1.5709961608849548,3.4191754874632827,-0.4398452205680567,-0.0676170124733706,3.054251820955412,-0.9724221221073855,3.9184863449656797,-2.17726822000985,2.581807851792176,-1.5026010531637342,-0.5954253126577315,0.0
ASM,0.3618068938288939,-0.8565778134582991,0.3237090851968045,-0.42552279986945557,0.13830781289417038,0.5526333376546825,0.48725627083921685,-0.1444616441264955,1.017853588278912,-0.14682203765151197,0.1676307051122583,0.9849183235552432,-0.993640870448788,-0.22672213297788715,-2.469967463102198,-2.5286262047111747,1.672336302855599,-1.0392582132846155,0.12124170104580395,1.3873613229980306,-4.553376858947706,-0.5731200970905159,0.0
ATG,-0.08262367044067795,0.1186658168936009,0.27145513403254057,-0.04192642662041888,-0.16858352237847862,-0.5920097200457535,-0.22767217346623086,-0.6488202294300213,0.395492044779027,-0.1905111466997878,-0.7043320213834453,-1.0164522980517212,-1.1797052601012816,0.017045205870779956,-0.5077179338941544,-0.22621569519331017,0.1572559963562738,-0.34121450523096036,0.1081471557725263,0.03340003161077192,0.2639494236294103,0.6920242855541311,0.0
AUS,0.8514152064409709,0.7074546103743331,0.3253454226096564,0.7335304998038317,-0.8745538504847719,-0.8345622369175587,-0.4097805437445691,0.45176317815416767,0.10992533015627076,0.09357326123136706,0.5293608929059219,1.2460209573936585,0.2708679610827412,-1.024047281976606,0.506504531151257,0.16218172307462153,-0.3323835473872584,-0.9431165652502459,0.4407529966544338,-0.18425619929731282,0.21335999366222833,0.3124221396511178,0.0
AUT,0.7820831388672063,1.3990703809276632,0.5039262002342202,0.10551220524697418,-1.213512739900629,0.5776001467871851,0.30643408710581405,0.6949417392598801,0.3348995347275706,-1.0189606607758535,0.5059052241976306,-0.29619850838026424,0.843398278843259,0.02520627043707163,-0.3198534178346218,1.2065100446746857,-0.6777193403617698,0.1472160068887354,-0.3145842040219283,-0.9097119763375314,-0.32782291602556457,0.2568113556454806,0.0
AZE,-0.08243824535876997,0.3723765925447906,-0.13546677919835634,-0.5299910033034078,-1.5992912745407295,-0.712178395458512,-0.8604406975027462,-0.030463407265234253,-0.7367653157969244,0.43299655542382465,-1.093252709452949,-1.359864400832443,-0.5730407696805776,0.4297841029656112,0.016572729246769266,-0.520378694815901,1.1896940115528813,1.0186725810954647,-0.2616131797447047,-0.006408160003890932,-0.7747400622846514,-1.0725161983753841,0.0
BDI,-0.7950188457050351,-0.18706650295401198,-0.7929852136517768,-1.881081863138728,-0.7195401600620689,0.7053361313021383,0.6236722716312824,-0.7782327177095406,-0.007975459055651751,-0.21872375128741944,0.5748268369540973,-0.4666627569016682,0.6170747260638676,0.023286424912929194,-0.02793689483357622,-0.08009995820251758,-0.1825592671409308,0.5985176273047074,1.3588813413174932,0.12803802529826003,0.4267592634926661,-0.060935609054302065,0.0
BEL,1.0036137929065319,1.4973472950260636,0.3947184535096337,-0.15494050859085323,-1.4402215875059499,0.8683812650299516,0.07712482062297286,0.21505683903912765,0.10342286743610302,-0.7058126892435413,0.3144353396411044,-0.27617260724188125,0.9028605471747769,0.6482601439982103,-0.9143673546648245,0.25402512195056137,-2.111055105404916,0.5025812843106576,0.6716026946268888,-0.036867756696898485,-0.37927422361202334,-0.2751919386008921,0.0
BEN,-1.0913471937853136,-0.5325560849882215,-0.14673423975534644,-0.5571912886597082,-0.202201438546589,-0.15238162484878154,0.7673235422171494,0.28536502565404176,-0.4722268443734123,-0.09169165869273414,0.6365095143650258,0.1301664999447273,0.6185553328732537,-0.15864697149299817,-0.7683510435389909,-0.1784564420311068,0.3312970215682249,0.38059504427728813,-0.03876117390717888,-0.09586256453370785,0.5142212988329237,0.3657176973377029,0.0
BFA,-0.9733937026330742,-0.40384297383943396,-0.5237743765830977,-1.2499612195370655,-1.3097948662871859,0.4119606915901528,0.5605385664322655,-0.539007638960362,-0.6564102630896211,0.6977630170021898,0.2171311796407744,-0.19734881313569305,0.5339014117938505,-0.5165770833035727,-0.26582441022653547,0.19562727075286684,0.6267252880224878,0.28842220123918744,0.3418361692284505,-0.06553273258729779,-0.08020121278583472,-0.20364249749302865,0.0
BGD,-0.37229356974150507,-0.8639588304854066,-1.235101217346933,-1.2753096633278815,-0.9217866829507105,-0.3553065493624724,0.0824045127706787,-1.3981935436997879,0.6121380536656384,0.26508297206467957,0.3887832641228099,0.5337899880041453,-0.2399012607304609,0.7006295451064315,-1.1088662369594908,0.10119991080561166,0.682289605587875,1.3675429875872371,0.5020660814457353,-1.8006903812381199,0.10159133849511899,0.6692871015839753,0.0
BGR,1.084890152245183,-0.40912299851185807,-1.092000394783586,0.45822967013417537,1.341625938756345,0.554141082279549,-0.9224529592723082,-0.48692106453874834,0.022417199212562994,-0.42601531749608706,-0.36035570656240007,0.7078707625581747,0.4748844598129818,-0.06488839694335465,-0.5616765229154221,0.030429785881361943,-0.7611530988026548,-0.8328865498106363,-1.3254727860604458,0.2948574300179756,0.6734488421273144,-0.26105211852442783,0.0
BHR,0.2333523963495211,0.6486941352346649,0.4581151053491527,0.3612228962829475,-0.29618540879928984,-1.2490760643769478,-0.8224963024813619,0.04706157950855987,-0.46362708930243546,-0.07919643832693453,-1.0624606182612408,-1.7590005777285413,-0.7875429910552657,-0.3088598713758829,0.25125205943670903,0.17288974821425496,0.29516089655527644,0.21418815077567907,-0.03877941934694238,0.06914280450382346,0.5931454348766152,0.05108517400615989,0.0
BHS,-0.05127330750990772,0.4706934300296295,0.5756102778366786,0.5898677112861774,-0.6917609728421324,-0.357277949846017,-0.845156200356429,-0.7888320007471907,-0.019546540399458634,-0.28057532137751534,-1.0249605529686852,-0.4769112481485562,-0.4355084709862226,0.3807525419109731,0.5078656420161064,0.11809782832248432,-0.08162902284128659,0.367587859031556,0.3940398407530503,-0.05508597498429654,0.10639971977569707,0.05217712347437789,0.0
BIH,0.8297053165893629,-0.9416993360562922,-0.8671407881878821,1.637377532773728,-1.0498002733860996,0.9392405773847367,-0.3554653234305567,-1.6501346729264927,1.7382469191901908,0.4977715372373887,-0.5324640011225855,0.3016872455699063,-1.2905212688912153,0.8417181632766841,-0.7783294342207678,-0.23392742863030902,0.19835618420331033,-0.880509121626704,-0.04878741427843664,-0.025772984619862604,0.9794663061497972,0.21701809401910693,0.0
BLR,2.0269181915279217,-0.7418432986689896,-3.2358713922403815,1.2358228123081836,-0.36932656786135537,0.9084251305411903,0.562721165083983,1.4207208135103584,-4.700542227091331,-1.3280699354987295,-0.4529871497708261,-0.31200959181840177,1.5888924275367968,-2.338367678922829,1.6194169448796394,-0.366616256895453,1.6277145126453783,-2.6414426006927805,0.6804595019811402,-0.585863285179006,0.4893736367117341,-0.3450755095579111,0.0
BLZ,-0.874868274759791,-0.6715672278487924,0.878388008779757,1.4611715000032148,0.6789112441137142,0.6000851893182876,0.08294246244158539,-0.5094438580412116,-0.009235634278069569,0.15503756213758038,0.11876250961217145,-0.10809815857591575,-0.38831158922016046,-0.5918116236023968,-0.2659188801822646,0.1378411660544056,0.19464712931272735,-0.13106301896219555,-0.5703479422063253,-0.7858393583735982,0.005062430706750686,-0.6825601210226343,0.0
BMU,0.5018673648238621,0.9859982481211045,1.0231759217634957,0.3889282547978489,-0.499267594174142,-0.996360117272912,-1.7110354207559206,-0.17773455058833615,-1.4278115167537488,2.445297224921701,-1.3341936197954292,-1.1242529087388118,0.5315453146670042,3.000414564441683,-1.7257443228691922,-2.4828109022392306,1.1232094246231723,1.5234761051159478,-0.7057095670433571,1.5343383407708877,2.112680745468025,-1.6122861242368496,0.0
BOL,-0.659224159908271,-0.4504595570079521,0.38836653880943406,0.927176756732782,0.6667525887540141,-0.45575171799456593,0.1499358329115917,1.7484295942848962,0.6483354310999541,0.2702940240199422,0.7927163238509954,-0.2066943672230119,-0.6604420996761985,-0.3101022002907322,-0.0379369796684387,-0.1632991559317323,-0.3716237607356282,-0.43316074553610995,-1.4472567993762997,0.03036454408898652,-0.096267372925,-0.056377352919705595,0.0
BRA,-0.5433172427863058,0.045380355161444515,0.9272624356646955,1.249729200774476,0.8191433649616512,0.35130443555673957,-0.49949729639364276,0.46365972455559273,-0.4515747137838966,0.3760930691920834,-0.26144895590330525,-0.1250561328428519,-0.0973190989273998,-0.7283047140645652,-0.4137598304528037,0.4176214588397058,-0.5622430230728164,-0.09877335391214075,-0.18043683574463493,0.3798404211325321,-0.3262030664223879,-0.12761121343961287,0.0
BRB,0.31058315161513245,0.49694367859695265,0.4630943646044142,0.8472537597259111,-0.4370720361539057,0.6604970052872555,-1.3888228336640904,-0.061391230659975024,0.5455112913728295,1.3579820649848766,-0.03686922061047629,0.585771766899257,-0.2734941375392728,0.37423166889983095,-0.6499479323343808,-0.35035189193902316,0.2207413982974942,0.9819617427424132,-0.19153448496248154,0.6439461273607118,0.9701018807616261,0.24934317785750454,0.0
BRN,-0.3436888004047959,0.20296721582581878,0.42460798542893524,0.17015518285125752,-0.7464912873769556,-0.4480535642299336,-0.5185756135856968,-0.10286595087235684,-0.1180830125556186,0.33167537717009654,-0.6016384879500434,-1.1169906262961922,-0.9505917843508875,-1.1023719410404937,0.42582615717065525,0.9634238013291163,0.7176974792128393,-0.3495456155977181,-0.7304920812779228,0.09986412666056438,-0.2586464150430483,0.1445621835867982,0.0
BTN,-0.4082608707066334,-0.6956047032130728,-0.4700982629621573,-0.4097292407063414,-0.23765565524992946,-0.9109633590406561,0.14029710116784888,0.15672253427688107,0.8759969314347493,0.612648083712162,0.2238928374375561,-0.10421486761997564,-1.6497652746158757,-0.10039604206970115,-0.19239831055328366,-1.7260981127576136,-0.4584154751396297,0.7917019359095916,0.9696084873405567,-2.842362279728469,-0.5529462744312377,1.4689323255990154,0.0
BWA,-1.2015985660729023,-0.5981374382491598,1.010148831627568,1.8206436039259168,1.1990826627690239,1.5403130119589792,0.46281190629888663,-0.37658671482807166,-0.018564815171039754,0.1986837330581454,1.01482426186032,0.17490877953813436,0.43301946306945793,-0.7028466171784713,0.37649978541695955,0.17659064807541797,0.8584116570684538,1.0101832796006565,1.15262501263569,0.4392871326719155,-0.28669158677854933,-0.46847633609602385,0.0
CAF,-1.3291387915885142,-0.6617304177192811,0.5099063603024011,0.22699849510257836,1.7536164642207401,0.18071677916863058,0.662114399012,-1.3854509219058355,-0.996793380697495,-0.37006262134041484,-0.3886771279477413,0.06503034886065821,0.7169582417924802,0.10964432775802554,-1.4919667041956246,0.6278812640194458,-0.32675440244434856,0.04328741617730263,0.35822257199730984,0.24492725837998414,0.4793962429777409,0.43285530366766595,0.0
CAN,1.0830425040497689,0.6067668771875722,0.1850381758685672,0.22713177166196644,-0.38640511333746175,-1.1823277478413223,0.20151619461585513,0.25106251799167995,-0.0037012349301833777,0.660927188988648,0.3396088952009054,-0.530194727642177,-0.4490509932712364,0.9312493144762571,-0.599644748304817,-1.702298091233827,-1.3756425915962431,-0.12409444609483976,0.22202538205824557,0.18886873828278114,0.08361774976859676,-0.09402061881375501,0.0
CHE,1.4558595441832245,1.9911401738366057,0.9646437287266498,-0.32400702076440124,-0.5673655170959337,0.3830992948643232,2.2601590292730522,-0.28034628086570657,-0.6198782010465753,-0.43894186199603125,0.8616825954392873,-0.7102047453842709,1.6990719558483756,0.8833407100923111,-1.2392364072047026,1.1916146203394495,-2.408936608144188,0.20831970454965526,1.2753227436717804,0.02604029404341141,-1.0633624713305727,-0.02129379509856716,0.0
CHI,-0.25899309533099973,0.2969959950857829,0.19445879861690152,-0.166030371643506,-0.1247313459762997,-0.052417601947737424,-0.2750868557028418,-0.011212525527315212,0.24392272392461029,-0.02631269828896415,0.06393049499211104,-0.07903738766644837,0.07610060415288915,0.3115966664273294,0.018961377270614036,0.10497930029465904,0.007030685759178467,0.3455462098598756,-0.20167535711416024,0.6390501298338295,-0.04095826859700616,-0.09705746987130062,0.0
CHL,-0.23705487893017485,0.4490420577201901,0.8939570851318035,1.1404641233593644,0.5078234480671957,-0.11004976093307539,-0.74103514718973,1.532671023898009,0.18781004473199037,-0.9459636619422354,-0.23568076224363838,0.6643511746357542,0.17784011183642248,-0.7779582029449231,-0.7319261382702231,1.314760277077459,-0.27544152507754976,0.5900182817044071,1.5628772575017214,0.8628877386464784,0.9794767480836623,0.6163746748260492,0.0
CHN,-0.33856820332080023,0.45867422560590737,0.34437976349991245,-0.3779192591332202,0.8602766470026926,-0.25773356391984503,-0.38599623816791334,0.5548594174195974,-0.1919987682965439,0.3044850730772603,-0.8231532966780513,-0.09807062869531102,0.34947356432293997,0.8413547797102878,-0.588464587430846,0.465461910045294,-1.1358823751655591,-0.30578374301384986,-0.5714537549861792,-0.20329347288774466,-0.08840709968131992,0.2115761598007702,0.0
CMR,-1.0346027153091164,-0.48684666294048445,-0.029346880977665496,-0.5017121356423635,1.2241720813515395,-0.6170863292565307,0.03656738055233149,-0.1577256236761209,-0.38294293817252845,-0.26815162541327286,-0.031694864808956946,0.07620227597234012,-0.055068977862642025,0.1420608306575179,-0.17381713368443,-0.3751847945250189,-1.0453699587423,-0.5440660272112332,-0.4041225864579491,0.09104526819185786,-0.9908566132656595,-0.714529036007355,0.0
COD,-1.0641003029831837,-0.4993396762482448,-0.3503634889640684,-1.0249244187944813,0.8007302106659226,-0.5286540407808312,0.1700480078201278,-0.47722513078199197,-0.3547769029309871,0.023783173194463866,-0.19470230457057994,0.4088125112150112,0.28594563602569256,0.6818568052567298,0.21712465062558642,-0.4443638993576854,-1.4672761470426443,-0.9924884055514154,-0.25902465005784614,0.514277583079294,0.6349689164753582,0.6351971969793913,0.0
COG,-1.1551750761366013,-0.5743530419237823,0.03072191426790713,-0.27040353739376805,1.4050619711476882,0.07475560561659342,0.33176114449642197,-0.16510780932906383,-0.38305711173408036,-0.04770570615810293,0.5686145764285322,0.21243891934717357,0.23234530629330763,-0.029290648508065602,0.12008946336014999,-0.8645780735481111,-1.4307751492226268,-0.21984233601854208,-0.06504380032439727,0.37682502554841973,0.022583535515184935,-0.08279541200763049,0.0
COL,-0.5985558719327881,-0.1269013672631224,0.8159263227451728,1.3896853739720738,0.9387648847836342,-0.4283704003949724,-0.31112754271285564,1.218809889867513,-0.03785913388561566,-0.24371850514222362,-0.19036169473434086,0.10488768661029108,-0.3788652350590435,0.06875096556396926,-0.1417887748505017,0.09229973793674057,0.2270451833272431,0.2606677314385249,0.19475248979800794,0.7463995183554861,0.33184283736057324,0.31764036367713716,0.0
COM,-1.186382953776969,-0.5037620515053395,0.4275512827630115,0.10095936767510079,1.6303486351056948,0.3224357009581187,0.9348769658419932,-0.2874907808545066,-0.3953933958717625,-0.27351059083128754,0.5404993013985621,-0.25918928576776934,0.6272045948276108,-0.08323262864521377,-1.1038036317614521,0.15654474078110583,-0.2018528929781187,0.9093238546215046,1.5533839655485462,0.40287903428011773,0.7456993475245273,0.40883560577813016,0.0
CPV,-0.7188666528123263,-0.07573038729946385,0.38979334243309216,0.20631929256314055,0.6962886470202685,0.17898849763765784,-0.012985977578808318,-0.09491926042514601,0.19652444753099446,-0.49017208282752384,-0.032834115425306724,-0.994258031574334,-0.26936648387401335,-0.05237411698371996,-0.03039082831680186,0.5051681857710548,-0.272722635293538,0.37297808372142094,0.27985494591115617,0.27476257230792595,0.1753698250534737,-0.12046415723458742,0.0
CRI,-0.23619482907391792,-0.07815564347759486,0.5690290033547931,1.2732385671986401,0.48753579232262634,0.6086418501988418,0.3718279273904059,1.702886662461421,0.17280030299088023,1.9174340150413811,0.0472251588604581,0.437940054805463,0.0711774665646807,-0.4770975212503665,-0.14127161010965808,0.39214434471226794,0.5748852525594746,-0.8438507968680221,-0.397108394597919,-0.32049017968128163,-1.075019633700211,-0.4872752212910625,0.0
CUW,-0.1606966818462886,0.6469631017715229,0.5897936891744409,-0.2095985276939893,-0.22598720625155103,-0.9056378464100484,0.5268615476265492,-1.1467785499542469,-0.634644101169702,0.5562542174765195,0.8741948758570185,0.275744701470877,0.9323853320820449,0.35955712265532114,1.282522039998188,-0.7692372003145478,-0.3632300828961286,0.47515352365246294,0.15273577654619575,-0.7188185618953503,-0.46087695073442464,0.8145168266864713,0.0
CYM,0.6114147736689199,0.3248436826691945,-0.8307389888212472,1.4554462519345865,0.07395994845352932,-0.9628455814311531,-0.7549103215201565,-0.052644958483465565,-0.27798469544316656,0.8210705701422712,-2.4151535296068336,-3.164435038564549,6.3775748729505635,-0.7390827073820645,0.779970358613738,-3.157698406302321,1.1122266632504458,-0.9694236537860447,0.7101604446001462,-0.15987566965172684,-0.08744114005794577,0.7375247178466129,0.0
CYP,0.6605111805276651,0.3125054169226917,-0.3153039863593452,0.8342528607852424,-1.3627695115395324,0.5352648399009422,0.9799409006013933,0.7026525587409862,0.5599226247820042,-0.7016284125074873,0.6700008977515624,-1.3063832324122084,0.696848797012192,0.8703173030378824,0.20386390591202394,0.2774059359408166,1.4315831506347694,0.7485670901917771,0.6994376591197314,-0.16981045592381636,0.2863735518436431,-0.5420964928959876,0.0
CZE,0.8842052589909754,0.8809771636370151,-0.5508525159961958,-0.7849852041193242,-1.0528103569589553,0.5598366817438709,-1.252726679168538,-0.06337562183363925,-0.6252438118579877,0.07562062859521528,-0.7826346875571707,-0.5801790356708904,0.5257848128594022,-0.3277108631406784,0.2902953161787751,0.4368364829173172,0.06447453202728406,0.3000979278348125,0.2716820731047592,0.5436640374553117,-0.013762582107203734,-0.11955127522694084,0.0
DEU,0.8028890261515483,1.5120192575828268,0.6338794434215229,-0.037205232590589735,-1.5225411890783072,0.6676949042632693,-0.003439880856266952,-0.05209637430073391,-0.3202058454784149,-0.23379872169085655,-0.0731691972780806,-0.6891071613791828,1.31879617022575,0.31717117049279003,-1.1209786340763603,0.7358295064559964,-1.2546508766122269,0.6910147178454257,0.5354870273840535,-0.49999163706537947,-0.48799312504133174,0.07300522341308774,0.0
DMA,-0.04515209020660596,-0.049882579984664104,0.2838466554425355,0.5607477965185993,-0.6282194580342638,0.4067764687510376,-0.9203055128734736,-0.6518718187125387,0.31929390130273794,0.9578857698128912,-0.4470245388494682,-0.034489930857207036,-0.9606927035432924,-0.44896638404037925,-0.9132168981843788,-0.1496498313393006,0.6088513752140509,0.04428616447297223,-0.4292228578073901,-0.3252415594467821,0.2716546676537288,-0.627042699284845,0.0
DNK,1.6593964962198668,1.728305590566913,0.09825490980190477,-0.2350790726014178,0.1291656880541152,1.261304028242233,-0.24225061852257515,0.03360926810510067,0.08503594396856098,-0.08841639355180225,0.9629730155450373,-0.7507060965597492,1.2180571897532306,-0.33442526416883467,0.5931931398864777,-0.3692707964410478,1.1552845957727655,0.33101453572504497,-0.27700255409976204,-0.5367723286945578,1.0416750506642125,0.5883847171596593,0.0
DOM,-0.5572595608399932,-0.2901914766051941,0.2927917929254763,0.8612189227075939,0.22250813576117393,-0.5084400882854796,-0.4843123087296262,0.2263534095128499,0.1677041202417289,-0.5909966179856095,-0.8544465862038734,0.2365548501798911,-0.2930933443947793,0.027793790127005086,0.4263397078556876,0.6280597132415942,0.7303216870744044,-0.44668110424000856,0.37639233127961935,0.7067779990477426,0.25442607153842006,-0.1331468499995693,0.0
DZA,-0.7019438062739461,-0.2681277052423968,-0.1169449392127133,-0.12140036001050908,-0.6451390153275502,-0.12015326863357008,0.12917289098828166,0.3474464778285024,0.28410500999062777,-0.8175085085458327,0.1728283555998767,0.1701750396772083,0.06064853129600675,0.19186320249954236,0.23305374928646255,-0.18536510938017203,0.6870808847571498,0.38356346839138433,-0.2355016455214215,-0.39390353974320863,-1.3987979832937336,-1.3320846141741645,0.0
ECU,-0.6388986276343159,-0.09268203127381178,0.32202003659739986,0.3108681471586318,0.31790057693494134,-0.8288490100336406,-0.3499156787296352,1.1016071440269104,-0.10489931231348762,-0.19224926796383915,-0.0937751386160751,-0.0052522820900496175,-0.3144577205170059,0.010810764042234364,0.18122185921829873,-0.28528035988686573,0.12544067520906263,0.10815257116348084,-0.5238370084643432,0.17282592801721888,-0.0752062706156522,-0.0792123956144348,0.0
EGY,-0.43037516790702574,-0.32627749722171934,-0.16911861465897204,0.18501750743241793,-0.6474436273856083,-0.33667049592581366,0.4604178696921199,0.558248703846403,0.7056337196581978,-0.6015200878601323,-0.18004328928719798,-0.45503071254088256,-0.4707403398903632,0.5802832365434542,0.28389403770299343,0.08885611356636337,0.17096838357194868,-0.4081070374201135,0.12701719981562729,-0.013696722492448013,2.274131456747473,1.3046607058777793,0.0
ERI,-0.9554166970793435,-0.3171419660294319,-0.4093772420994217,-1.326095232574562,0.35163743022650884,0.14752023340751175,1.0245624258944173,-0.3902897518975974,-0.14624041518360917,0.18740239894667376,-0.09122850883184028,0.05893184422594001,0.7403347834451491,1.0468080732568636,-0.4563510343540549,0.19652806966309552,-0.7320010170934523,-0.41285305382516463,-0.3156646090595934,-0.23156324756534877,0.3284220663306498,0.4061488472560185,0.0
ESP,0.4552072137805601,0.9728194569459562,0.647966543494181,1.0717920921897672,-0.3869358688544911,1.0098031933618647,-0.6729602586805513,0.16128348467986078,1.03756996755165,-1.6960965504817869,-0.5253282827159327,0.8691218870676638,0.635977324160873,1.6767965410812968,0.4944527765144571,0.2824845971209718,-1.2748388188953674,-0.22482883939501383,-0.6519764123487973,0.05983351102346384,-0.5534277751965514,-0.1490643084193754,0.0
EST,1.500797676397922,0.3248485237112577,-0.6189104238302917,0.29779135942645596,0.5616578128517563,0.26990997251858917,-0.6205099833010304,0.41744273459279174,-0.48676940828812887,-0.19554689105186746,0.5636637103122668,0.5858283378362222,-2.3538694401503113,0.3862649481427269,-1.4190650394301292,0.38234655812654483,-0.6567297401224715,1.124096525103819,-1.4731010278674412,1.9090273333643026,-0.18414953271026807,-0.12910687198835952,0.0
ETH,-0.8490059059440237,-0.28423510956524184,-0.664293168875975,-1.5042861730780386,-0.733290964097747,0.5208675938443084,0.33620866669829164,-0.7572931835055695,-0.18705013512547478,-0.04085391287803917,0.29904873881042937,-0.17282184039758247,0.4628691612219294,-0.08276833347468364,0.27836808653514744,-0.2570487497109954,0.5644330128507629,0.12260478288317916,-0.6065594818522826,-0.5629292701683358,-0.18957558024053955,-0.16800340961704038,0.0
FIN,1.4308327219209616,1.3471751488297314,0.2636603178817383,-0.28919288116150665,-1.2955649949153918,1.173833746928438,-0.04105596763830127,0.37561325109813215,0.5198232171770999,-0.9878541496314309,0.8426753777350101,-0.3100778853484765,0.06329112326200763,-0.3115783186244286,-0.6069966973684656,0.7049306489911614,0.16161485487166874,0.16304032131699595,1.019702828918365,0.8653653172719947,0.3712162667662975,-0.02553815714977791,0.0
FJI,-0.6329978961702211,-0.13097511019237093,0.18551254533122077,0.10902742302068437,-0.28703299670364474,0.04003307031111347,-0.2146485865550596,0.14645277618952487,0.23236194447156158,-0.6038782255896236,-0.19937667206764834,-0.2553875646645446,-0.35996489019443517,-0.6649176839162092,-0.0495424773488456,1.0431166592690688,0.5419591452739769,-0.11929459656856024,0.29522631599913773,0.44824081904653185,-0.21832883235834516,-0.5464410684304387,0.0
FRA,0.8538590951168822,1.7002621857535964,0.7089299551498782,-0.14780928654293832,-0.5808341121686779,1.0314581708203079,0.03753379299864322,0.3651317991388662,-0.008131236833916073,0.3145982385333894,-0.007320487520374085,-0.5597271932031229,1.4826292631921727,1.5053541913637343,-0.9271886506798424,0.2128713140458233,-0.7886922593370977,1.3663526887087205,0.617212579431024,-0.2923271536173907,0.03293233117109579,0.3573420934877146,0.0
FRO,5.4250480045334895,-8.599939804015074,7.78431228100203,-3.9033030344394475,-0.6853114612780237,0.945348046075713,-0.9133092983223533,1.1179003404019117,-0.7473031854212188,-0.5512855426725107,-0.6340020078163572,-0.1794425838200449,0.8154799169839979,0.3705287547376768,1.251092751116673,0.1404463031922174,-0.23029426904311373,0.027895748502471663,0.20847134449376878,-0.4733960935994479,0.23993491477939788,0.14606993463316795,0.0
GAB,-0.8979648995608299,-0.3545365167169444,0.018439757863638644,0.24532087482913123,-0.28440952056795826,0.8636535897812448,0.20437943719180993,-0.6687106633293806,0.3128699221747689,-0.8465422809473507,-0.1366830919014372,1.1445221745852825,0.5108546447844414,0.20318455814759964,1.0574347426113755,0.6050882575712988,0.8805254999362628,-0.22100765469368255,-0.2753247740999552,-0.10688810533230808,-0.783440978336447,-0.4811256098553789,0.0
GBR,1.01852477038665,1.218684450816128,0.5477153829635688,0.32780286031637257,-0.8357406014196165,0.15086837740507544,-0.003363882497473781,-0.0954775409854056,0.23058092193843355,0.63962805971269,0.19091786306453007,-0.657298179595465,0.7508077818967207,0.7723133401435609,-1.1161426387778874,-0.03407622587972607,-1.4390062191272697,0.713021328303841,0.1903908709488451,-0.9089979146964494,-0.0076601109754699985,0.06317355595655222,0.0
GEO,0.3745504822186927,-0.6769402779952094,-1.411244630315782,0.5551922402828217,1.2432040761527314,-1.3547308093514174,-0.017754028044330267,0.7545529697018974,0.04531055793428249,-0.7007416235198188,-0.8979949569755012,-1.1509401637963568,2.1517210088699152,0.6772973086238235,1.3329260847473,-1.077893038254352,0.49873020081042846,-1.4706081693386017,-0.5648094714586328,0.12885506701130575,1.1378851103039913,-0.465079494444425,0.0
GHA,-0.9396069363448881,-0.369778839598498,0.026801508839154494,-0.2645542401168653,0.1855648266721047,0.12457941054836537,0.5989857038599702,0.3133959651290518,0.0012804214293411437,-0.1255913706044777,0.5451125563653334,-0.3603253825032132,0.11321965284512701,-0.19105520918421812,-0.1742403221087231,-0.29427052681327837,-0.43417672307393035,0.06607730982709992,-1.1684864905560535,-0.6818127351330127,-0.6127249686620577,-0.46743624951791796,0.0
GIB,1.0864909333242052,-0.14774372981031447,-1.3448138868041901,1.265361116886379,0.4253577584196096,1.0473580319256774,0.681789415766861,0.9357265420335421,-9.237609565167649,-1.0268596593449668,2.136080251496803,0.4460051930443562,-4.123384033632898,4.05680203752417,1.966778492825796,0.6017465353649342,-0.46335577635103886,1.7928236938110496,0.16192642613061636,-0.8275930901239338,-0.595934044950163,0.03425401352667814,0.0
GIN,-0.9723265409132973,-0.44719219535124066,-0.6278563335298054,-1.2979337032707652,-1.059525297981149,-0.15739391377947073,0.7356709288382292,0.008073150373444294,-0.3220611424795573,-0.2541508827363664,0.4082562066381278,0.10895931829633572,0.5815534928239489,0.22779541606887774,-0.26462185915986486,-0.3640443437579998,-0.04349356067154203,-0.16570296579083016,-0.9313943570450843,-0.5128294739128663,0.19025113432511026,0.18401083191223422,0.0
GMB,-1.1604741993374987,-0.6233133981279805,0.18590397517399532,0.07039973839783663,0.2171937799829568,-0.4285316249861969,0.8595371499452299,-0.2228380003428593,-0.38364848272138025,-0.34881182184440657,-0.07708992020806137,-0.4651520863999799,0.1577465584361738,0.48001120834346306,-0.5213902948765917,-0.09903863568853388,0.18451912954088315,0.18819894293113956,-0.540241377630127,-0.1133619684764261,0.3221595837457655,0.1793463833276438,0.0
GNQ,-0.6596484586349045,-0.040949848481035125,-0.271136467734296,-0.7597913231786668,0.1765947295544566,0.01684598878400655,0.4229655987069638,0.09942274573167963,-0.053735591297926814,-0.9565816269189029,-0.026464413305893608,0.7841208707777383,0.30381248856980453,0.08532028450137492,0.28051265487525967,1.1509134083969483,-0.337751720177079,-0.5280534271460215,0.02841671371183995,-0.21966070132607796,0.01600551373219263,0.08859574306077693,0.0
GRC,0.4659636125833234,0.27035412542296694,0.12952478719441066,1.7106570779499362,-0.72399616043815,0.645324589596228,-0.9193532437369925,1.0145444563922257,0.7146446077817896,-1.2789819520481873,-0.482807049845885,2.558387335926645,0.8257565192722527,1.5068486337701867,0.6361752234345625,-0.7788502122596871,0.23382336507839596,-0.8590583319223942,-1.016270054330185,0.45914733875017427,-0.04202022191719165,-0.07298457115963317,0.0
GRD,-0.19115670080769742,0.21393105151328937,0.004519290876399391,-0.019867412707725476,-0.05599261941663468,0.017871008399001093,-0.8384533759836084,0.10379628000677438,0.24532536763751622,0.18106992785630766,-0.2968599361859251,1.0260799999361303,0.2295306630751456,0.6216043595658878,-0.411858589979221,-0.23455672394381938,-0.11557866186764092,1.3472653505995578,0.2738835442176353,-1.8006553782148973,-0.3475615254248432,-1.174530943871651,0.0
GRL,-0.14705453799277776,0.5388586345765148,0.5082634880079919,0.020342210406983387,-0.3083947893243904,-0.2159966615692494,-0.7424255988829929,0.080555011693953,-0.12463360265045104,-0.0656896097166316,-0.5151496261778324,-0.7609911517235017,-0.07181209883614255,0.176561385920741,0.48214665127208506,-0.03029201788041648,0.029842097912430185,0.2654910142178674,0.07242026487118118,-0.0917847593539047,1.3484772787769277,-0.6114396840195048,0.0
GTM,-1.0283075505431494,-0.47059034779004744,0.3811490774398412,0.30138760111221236,0.4023491804077368,-0.27389851809305565,0.33087233462542814,-0.1494578914513631,-0.752436871434167,-0.061426610791266,-0.09622155725098407,-0.08277565069864987,0.20192335516862014,-0.30559413729692736,-0.851662234799377,0.3511122305371401,0.20796507304027098,-0.0625444176769132,-0.6805826293468781,-0.13864968364412297,-0.2113494583539374,-0.053520533474875225,0.0
GUM,-0.2103105711424064,0.3587423862619242,0.291686668686655,0.006034256958778754,-0.17155343473527196,-0.22898348302860425,-0.3550741265495676,0.29800922862777546,0.8428438145115525,-0.20227584111870217,-0.5557352347185038,-1.0891130104831075,-1.2101251154920272,-0.8516850853895988,1.1332159115559277,1.7466224509529613,-0.22221197926532357,-0.35577837909260485,0.20752047671133142,-0.6521971650806447,0.01636251320373971,-0.548718556075308,0.0
GUY,-0.808366878553531,-0.40611702271364364,0.275084982770929,0.5639028530495322,0.06204815571338445,-0.31686450815618883,0.4032929919112449,-0.1599496528915593,-0.3616660889747021,-0.44511849481555193,-0.26592556718462174,-0.5628911756142788,-0.4792316432049513,0.7714564751403383,0.18471406137589785,-0.224772747506164,-0.048150335124938576,-0.021064445507277964,-1.6523606399897734,-0.3816463995032628,0.04794968157566508,0.17447506020368825,0.0
HKG,1.4386241263241721,2.1067717856525596,-0.15984510202512192,-2.982470822700352,5.889885859373532,1.10119951408359,-2.201145357531804,-1.9899633792128346,0.30650644233226415,-1.2199183019391258,0.3223083482952504,-0.09744685267310767,0.17128947798065502,-0.30086445024719166,1.432184976316381,-0.26775122179654287,1.9878367590077053,0.5694017426056254,0.0011722482372829915,-0.7053784200094858,-1.5669130531987137,-0.9872072989048393,0.0
HND,-1.1601513383809983,-0.6301078696571624,0.4350311397534254,0.5575346505638651,0.8811492579217817,-0.07951467292682969,-0.029219577660536736,0.051938755922396204,-0.5554292183034014,0.22129937825859264,0.36561760499837936,0.31388087078098426,0.09327238182581096,-0.6400609238868987,-0.11623728939028102,-0.6329531539196898,-0.5826258357133891,-0.4830825705366736,-1.0937085036185186,0.15359108250396167,0.26522490117514597,0.3883810367893725,0.0
HRV,1.135640745164138,-0.6971703542373577,-1.0820558590864378,1.4841051866693642,-0.6545875415525552,0.36177792199449177,-0.47463259628563564,-0.06677949451585632,-0.7426601168293661,0.05697813942346089,-0.20114208623053015,1.0338225625262538,-0.9874645987718847,0.5489803921821701,0.13588060544216157,-0.02738228326686496,-0.34950052956654154,-0.8216979583718858,-1.2037372819776293,-0.8200263441066499,0.8099059686858185,-0.32978220278721776,0.0
HTI,-1.2989346576069571,-0.6780631511813302,0.7621542835599127,1.0841124417716939,1.947750269040156,-0.4952500131396171,0.5118947914393887,0.5907124115075908,-0.3788017210815043,-1.0132486612267535,-0.02205604980714433,1.114086679814227,0.6836884608469905,0.26788512101841266,-1.3267676630460188,0.7514476498577592,0.6205130147673141,0.10056853957048778,0.020075002098054497,0.12589456429819298,0.6620988065234269,0.7275290632507595,0.0
HUN,0.7082248801359103,0.6320621092650305,-0.4489707525534862,-0.2370802778549743,-0.3463593166560424,0.5848952080239107,-0.8681546900011927,-0.11377647700034618,-1.1405384338959137,0.02858689093428346,-0.7272204171466649,-0.6241228699483463,-0.10378035530667366,0.06507429011488083,-0.2667021064655433,0.19766859574488857,-2.1913480212606284,-0.7106783482324223,-0.19165107093784228,1.209255972458921,0.3117349252841854,-0.4701012871047411,0.0
IDN,-0.8501239399054812,-0.4135884489200442,-0.3860476626880427,-0.7279309108933013,-0.5271088589898271,-0.18371032971716372,-0.4055700951835445,-0.2949593818997354,-0.4767176887008246,0.22432249549359065,-0.21406418434964788,0.7891428324605223,0.09088677147511766,-0.7662414658653159,0.16220557732118224,0.32121941764733447,0.23574179648962057,-0.20338256654760242,0.7680364964491024,0.8408798812221484,0.05437046644728267,-0.06011452380951579,0.0
IMN,-0.11733642113681121,0.05583075198928196,-0.0032545780437571578,0.04717570120400265,-0.0528005652260689,-0.18340646867032795,-0.5392771797758747,-0.39437826127682457,0.6574056216248565,0.5732821312153629,0.17964163951263945,0.5532655538248232,-0.2506296205364427,0.5863864978236224,-0.2892451758389919,0.4328374954168276,-0.5260138628435527,0.968952353408729,0.12552686405277275,-1.9246828629277482,1.529478599929679,-1.510560053483454,0.0
IND,-0.44020879313767614,-0.6345253301373283,-0.9640889463073395,-1.1536732055050665,-0.6625447912236864,-0.7083461222459159,-0.028895000966812346,0.16101188904956748,-0.02585211317263286,0.3575019877681424,0.2609342262612515,0.3404315094180117,-0.49858698127721923,-0.3986127731579665,-0.14997324741644372,-0.3432504254624014,0.3482119037544499,-0.06259835807207985,1.1125449397216405,0.6121977867964211,-0.35452586649227225,-0.48567364347642933,0.0
IRL,1.4510730292525662,1.253860922267769,0.19632207018312672,0.2948997753325508,-0.36619271101360906,0.7342555048438422,5.325386141758852,0.6732660047978551,-0.1362738613109987,0.4232235686843885,-4.565074249599816,2.4509427618692805,-1.120393891346176,-1.3918545699335376,1.1900255095151169,-0.299855698148011,-0.6454243991943264,1.7300405209626217,-0.27207180264071895,-0.5518685769880844,0.5189458552501052,-0.15626418695859773,0.0
ISL,2.006586234806778,1.3929669693765432,0.06431943532378888,-0.8291232722416484,0.25270377222399004,1.0852877639101617,-0.18679772737183029,-0.46224174327933265,1.5782426325808256,0.6256817963715271,1.3206890620698235,0.5661474599005306,-1.6020550018743098,-0.3487515258220378,-1.365217513950266,-0.6816691401304235,2.2885589310256362,-0.21077897137290605,-0.15309343838662343,-0.7251400650182652,1.5765310807346937,0.55179798492299,0.0
ISR,0.6024076868721961,0.5088954930055983,0.5523750426169286,1.1042792871649088,0.6903995025434141,-0.588397421205815,0.027806405891131043,0.9966595371223841,0.13440028050491426,-0.20423317729340448,0.041175287573448946,-0.13064078590833833,1.0582285538703557,-0.09596042364003769,-0.5996717325479024,-0.9314792216863773,-2.343213076139528,-1.8006525201804584,0.5251264660943957,-0.22998351477452406,-0.8745126853810782,-0.9563532389147423,0.0
ITA,0.08613746511222899,0.6028692446776601,0.5486075988021815,0.7566303462675522,-1.1699785210246167,0.4469793888888837,-0.08814953110209423,-0.08038060290412234,0.030030874874193262,-0.743139116318201,-0.04776632705244315,0.5147592913982032,0.7836502059903606,0.6198328714380411,0.18152909881131443,0.09539651167338116,0.20725951261514522,-0.05611344514935876,-1.7179792198895116,-0.8032774852132422,-0.42113975218392835,0.20173262502415548,0.0
JAM,-0.24350839277710937,-0.834838762954529,0.15695308584240888,1.0719967206984136,0.014414471790059223,0.836886720274573,0.18297735686895472,-1.0893813073102607,0.5158683199234971,0.5026135036928224,0.26258972739982683,0.27409973119590175,-1.2084314834780545,-0.5665146436872165,-1.148021613571196,-0.37114757107160173,0.5647546955097241,-0.660466866032343,0.18808867043607405,-0.5543524030923977,0.37415269958492253,-0.22336422953665122,0.0
JOR,-0.3303844535854762,-0.09461613721333337,-0.10485292645699582,0.13785489938814838,-0.48314785818598277,-0.4447003028907687,0.19141473891940217,1.1325292903195339,0.8870776497016747,-0.8705627727085355,0.11241611996371603,-0.5788900414014584,-0.6880544371780842,0.3733564206903919,0.5424004393925757,0.0034725167340355534,0.5215908835579273,0.1818025840418446,0.22040231377468053,-0.20341070497261804,0.052313942510373086,-0.5299372396591231,0.0
JPN,0.5625982017630874,1.4310223282027037,0.2872866257630937,-0.8654745231588065,0.23477783459919718,-0.9802132199671546,-1.4418661660195886,0.9008048187840629,0.30634086071521505,0.17644567718401577,-0.4706265084543266,-0.5183871883613821,-0.26160024387922026,0.5614956435385471,1.7503782752325505,-0.698433246593423,1.5518613849888112,0.9392998997689127,-1.3528485119388083,-0.7703989164552333,0.7002644352211904,1.183993027320398,0.0
KAZ,0.27410707515760985,0.7426496757570015,-0.7708902391321163,-1.8045102077155541,-0.9915859925483984,-0.3190559956844918,-0.9874208766450174,1.0829343396348858,-0.15027669632230845,1.3527789132562251,-0.8416285361282551,-0.19637019207590392,-0.8018170319188466,-0.2271578441893411,1.3654536801065618,0.9169508493384836,1.2691584418485231,0.22019483568814394,0.44157970709063366,0.14034045426828934,-0.8748470356143848,-0.7570240968221749,0.0
KEN,-0.6591857024727171,-0.29888828681086044,0.3717749803968674,0.7099990093290014,0.5272712929099185,0.23224960741073775,-0.017722922114456415,0.549559812204613,0.6035827358192276,-0.3773917083844942,0.17311588422716392,-0.3120932325311245,-0.6582860277922481,-0.515364973104267,-0.10595744126158149,0.785019636069062,0.6277407895193265,0.1755335954648854,0.029159296501505064,0.31171690888800563,0.08074322835707812,0.04588669927905306,0.0
KGZ,-0.25238333303614074,-0.040874985171779704,-1.2549540268513473,-1.6109304791706753,-1.3395149551746437,0.5747645682854539,-0.7957986764868168,0.1398085992272715,0.24677402768274134,-0.009672742096778833,0.19887750914627822,0.29811720760614635,0.27415693636498456,-1.1356830079587623,1.550511844148643,-0.007995051668148205,0.4395876793184461,-0.052273575210212773,0.9037480488936,0.88449833881244,0.3690028403504551,-0.362150346832183,0.0
KHM,-0.6748553466248719,-0.25205226119724977,-1.0385098240509691,-1.9171113645628561,-0.9793928766811206,-0.7248416030414068,-0.6443014096100739,0.14026202848375027,-0.20214161792199759,-0.6616157297672187,-0.1110455947633356,1.0396257916224483,0.14193595020960148,-0.770310811796959,0.3103635960098014,-0.04529167123095634,0.8615260149304298,-0.01676427099981997,0.5395285782999049,0.1914193668722535,-0.21971393575450207,-0.48340856600340626,0.0
KIR,-0.7342170941177305,-0.10026179035446153,-0.19007525149201576,-0.39975192619948263,-0.03258285686275096,1.8800997592622155,0.30461310758911575,0.4801739156185954,0.8960827225266094,-0.4628819572089094,1.596500756461472,0.28283834931254637,0.625813494144079,-0.6664175064967004,0.9767089278641942,-0.63713254387832,-1.3660055769007367,-0.07487530289603057,-0.8386294365829469,-0.563931092578069,0.571003787584719,-0.0328073329937332,0.0
KNA,0.1985457215839101,0.39340818913718817,0.295659278193606,0.4691725597328641,-0.247413725772628,-0.05155975710195811,-1.3275665315090515,0.2618417241067138,0.31808181948649833,-0.5862496052258541,-0.5074659678884346,1.7121008336280499,-0.10929139480376941,-0.20690321146055113,-0.7162612248867735,-1.3421517653948645,0.7728075088459514,1.1555930428629482,0.8152697530007804,-1.9425709405371987,-1.6869070733151057,-1.261086206473183,0.0
KOR,0.5079908231805267,1.5233573044575783,0.5124664940426944,-0.5936378843085492,1.290235040049658,0.14919311642883298,-2.0616092023626362,1.025409250762827,-0.3272721008112307,0.2851857279877886,-0.2912141737994802,1.7183739730188203,1.2348943189659929,0.35488864387381125,0.3349979349858812,-1.2112333094766263,1.766365271912353,1.9451409138879772,0.11981706220586678,-0.9333990119383223,-2.8826730418170383,-1.8205546509930066,0.0
KWT,-0.2470139820758267,0.3529826451737084,0.4806236157217043,0.09538215525515567,-0.4879022931305292,-0.9123776757881451,-0.31461360859644655,-0.40543184498972473,0.21331105655050253,-0.20338931509278255,-0.63055972645407,-1.86888332835337,-1.3817038057366848,-1.900004138194295,1.4738725501205958,1.7918955991662906,0.47930510433333057,-0.7474571872912426,-0.4437597374272547,-0.5869317079024746,-0.20346051796604922,0.041241098089372395,0.0
LAO,-0.9031202419500686,-0.3623243501289243,-0.5142737551917744,-1.239390246360599,-0.3286401588940128,-0.5706043918019729,0.006360873781620695,0.28090047944663393,-0.4291068951290682,0.4327933562671273,0.04856688179494516,0.22406332213401933,-0.047183137783146534,-0.532176307690265,0.43788265666915593,-0.3688245852324682,0.11094208518753602,-0.08797617719474352,0.1681417612180534,0.293155725583394,0.2370422001752905,0.037872392517129025,0.0
LBN,-0.1081352240682654,0.3083401593787031,0.3920369809859336,0.3874593346063062,-0.8903117728251985,-1.198341611176157,-0.7514813413971452,0.8862781448822996,-0.13471309965426145,-0.18680231719145246,-0.856546566684389,-0.7835643887236212,-0.23614397471006396,0.7983583784058479,-0.47179641591803584,-1.0057560874096179,0.9565090665904092,0.9451202616968061,-0.2343532675621997,0.3811669626903526,0.7494857404377258,0.2474317092940295,0.0
LCA,-0.3955401987588033,-0.08134945818978731,0.36413896618279534,0.3069289640300418,0.29623189801859834,0.4360368407399999,-0.3214255498201396,-1.1325161965412103,-0.20751872736420723,0.5393756988500581,-0.37035740520665134,-0.30858897715099376,-0.32389921217424805,0.1339731098911318,-0.8381488453426673,-1.1475614503036096,-0.27297851283515073,0.2674475484685239,-0.9485394001807699,-0.6242599238423822,-1.5283746671247995,-0.08532832643536399,0.0
LIE,0.8385941140477574,1.5800278913841541,1.6184497493873935,0.662153846842054,-0.6598859569822679,-3.653462327844913,1.1471598498874718,-2.765709848712658,-0.7462947888722965,0.7372408377378517,2.588354655289852,1.1853501435731781,0.914871765884539,-0.258599884387979,2.834332523450093,0.12654685065876234,0.5169990973466483,-0.41715918560881704,0.054126704163285924,1.3375078541207932,-1.9053672374603994,2.5899252454793507,0.0
LKA,-0.12067358807352847,-0.6827282307856861,-0.8471589112549215,-0.9987985031388517,0.4567880123353809,-1.406100311154407,0.7336709629588296,0.28342724359181554,0.6255860251289623,-0.6182302818499419,0.14584453728028487,0.05285377944486533,-1.1871490806850846,0.36876983560788223,-1.371802297838752,-1.1169382834965058,0.2927356054827598,-0.7940098939027816,1.5047699661005298,0.8486106922521749,-0.3038912491847349,-0.05460029387183336,0.0
LSO,-1.264226456030769,-0.6925020278203277,0.7638046170934139,1.7033560831902799,1.0000845693687648,2.8649449441671564,0.6406428639575685,-1.1972537303755326,0.47636559098738884,0.41026692306739787,1.3493054492363592,-0.16619358215397995,0.5115186505069362,-0.021574403458878382,1.4544686782374614,-0.7612723631377862,-0.42528452585353343,0.2704852975173964,-0.7233077861913991,-0.02920849412897062,-0.5779094193037759,-0.4201857356918946,0.0
LTU,1.5359645763420484,0.12328976183532507,-0.9927046510001986,-0.20380804560930438,2.494788604258928,0.8549630404942599,-1.6407174902869464,-1.1584031284248861,0.9894471777714539,0.370000133411494,0.01316008156081734,0.2859927362617263,0.1392129145014945,0.13776484845438083,-0.02981200986265812,0.17724786153946345,0.4661353367921493,1.461830532190578,-2.456365190329243,0.4764964125600991,0.9889560390022735,1.4638179939225175,0.0
LUX,1.9628802906221012,1.5694020086642502,1.6738736680444672,-0.2663221848321505,0.14384541297454903,-0.2546180048818331,5.61115208617833,-0.9844458298430795,0.33987120764339696,-1.394826223897615,-1.1130779675951787,-0.3977448758666898,-0.33719736042450016,-1.3946044394600783,-0.7566296029812458,-1.065882766419963,1.7286540861830182,-1.8099963451631433,-0.5915553069105491,1.037142198454577,-0.8079060947680414,-0.09296217547990598,0.0
LVA,1.3514207745900888,0.22553317929845226,-0.6301852576591305,-0.08289100015963677,1.9757476518434585,0.6502216563141058,-1.5200522769078204,-0.551075796281417,0.7123834533775021,0.4761776873003828,-0.14937701008188636,0.2021626126846405,-0.7238780746383994,-0.03155579175677125,0.020486987749916724,0.24645520608639504,0.13944381057164376,0.9482227059786643,-2.291551022100464,0.44403074700859374,0.7847890106145395,1.0139775941615143,0.0
MAC,0.23835957265122965,1.1032130372554108,0.9046533119962321,0.062204625683672625,-0.36668826732592064,-2.1932597393038473,-0.21709368813849267,-0.3245300185625805,-0.6498163121518807,-0.8982651198514802,0.6633135043918574,1.3622874727485605,0.8181672003860215,-0.823710194423564,1.2632658563607926,0.1383731327750078,0.45678267222789476,0.09452481410239891,0.4417300800843425,-0.518116397952911,-0.9460659341386143,0.6247554048326288,0.0
MAR,-0.3236477724863749,-0.23994949500422857,0.04273040320971463,0.3606238715817293,-0.6571528778425246,0.04774476204102355,0.1456151473785292,0.20413522248199542,0.40152743034535854,0.11900568100331416,-0.13211508792056068,-1.3624785549023013,-1.2070839788660548,-0.35496343928606505,-0.051899526436041926,0.6676477156536504,0.42538125056023285,-0.2392109744497075,0.2042951661545969,1.0050222267092561,0.39792543396348845,-0.009734675772463171,0.0
MCO,1.7849400287874144,0.6422427634912414,1.5581439507743124,0.973510474407103,-0.42344670291860437,-4.811534911078875,1.244546621825253,-4.362569311717929,0.4258411701187884,2.29133302723855,4.27535776426634,3.988563193530534,0.5949676090353178,-0.18737939254040223,0.7679925055464608,1.5568056573160962,0.08209129612005327,1.0328309499615247,-1.3241431883834505,-0.3785446428441436,2.4527817672083723,-3.476338601191643,0.0
MDA,0.9215602793456084,-0.7453197174806094,-1.3275274575118479,-0.9023317170200406,-1.0801542006494458,0.19418068637563782,-0.49761208066672474,0.023591005320537126,0.18916318970090795,0.8407684422787274,1.1606651642470114,0.15696277449406557,-1.558287732205612,-0.42815689380078487,-1.1258499024268476,-0.6176037688388145,-0.25970913827856207,0.8052937361403987,0.019298421058804673,1.5702480582115634,1.1857679153914786,-0.6458958359830774,0.0
MDG,-1.0316553417614396,-0.4408196748746612,-0.21789213568663277,-0.9644306155453989,0.6456569983450265,0.12138327755168739,0.5006673064513116,-1.0836967715238979,-0.5682657430290011,-0.5118553806315514,0.01481780817254672,-0.10705995404157677,0.5931456359419526,0.21569867164736437,-0.9229273710225249,0.15758475846207315,-0.609282513126253,-0.263017376831151,-0.5244106496506477,-0.24308831120054125,0.2906283804588613,0.34932286930830747,0.0
MDV,-0.24815858811919092,-0.16763727092974812,-0.20943587296399394,0.0135259145811587,-0.041548871874664335,-0.0351106288690513,-0.04642428640099833,-0.7655199680328159,0.8859481615241505,-0.13787501757055992,-0.10352964012001972,-1.8482260021333032,0.08268427205604541,0.09242533252463146,0.3166006922216601,0.09067953141303826,-0.18165387047797463,-0.22177040057233152,-0.7782850839705218,0.5274904121101769,-0.3953779258330351,-1.2245752644197172,0.0
MEX,-0.5584807617860216,0.06676756534995118,0.47829608828798176,0.234345229347086,0.6434195439326542,-0.6834066624637032,-0.29788718016976196,0.9118802559597783,-0.2444458522465945,0.6245344992474836,-0.10827424231126968,-0.5792323072928575,-0.3097155342290468,-0.16117513223188093,0.02591562329376204,-0.08939838424820287,-0.07982174743255094,0.6069738170777548,0.9568060066987392,0.47342500133767584,-0.6170018092788371,-0.6942878515819159,0.0
MKD,1.8506956631896576,-2.5506456352209046,-1.993748160483217,3.244848032462641,1.1390901665329993,-0.027362656601249497,0.2997734453005345,-1.9791865158853592,0.831801655261935,1.0853371571569708,-0.8399251767528023,0.006444656699188436,-0.928126409522975,0.8316608753874504,-0.7873852706905234,-1.605737443163499,0.5131374599934687,-3.186331339529318,3.0375454995008084,-5.158125716426016,1.0566421650903317,-1.018430638398754,0.0
MLI,-0.9164400662722458,-0.403129533370679,-0.6424518790706186,-1.2336718595113993,-1.1766028749021502,0.22158220081563465,0.7335635886010402,-0.4449283204789504,-0.017067923549715317,-0.3357119421280255,0.25167938035218346,-0.13872566284659096,0.41712522852392697,0.3793380406502821,0.35429064745032535,-0.4424436569192699,0.27983175612762295,0.18496826644086267,-0.4700470384626063,-0.381763970849401,-0.14819945679129307,-0.2705472584687068,0.0
MLT,1.0896520305492046,-0.002041961282856377,-0.473704463151057,1.2011618980062782,0.19377487551097458,0.27841820810535667,0.4067850426929625,0.36546383121063947,-1.4187202527415386,2.5208905489240325,-0.3860745080201935,-0.20100169650306537,0.8765184571799869,-0.33136412471268895,-0.7510553342582479,-1.5519076660015563,0.6226037326128213,-0.27560031279963354,-0.33224775144344365,0.23490819498030466,0.05879739635266053,-0.3224126454892011,0.0
MMR,-0.9432264303138582,-0.38324975579039655,-0.33023865977504896,-0.9811919003553735,-0.08759375416794749,-0.5811868855830539,0.42044257389711187,-0.31748912003242097,-0.30502459708751306,-0.8499025445382594,-0.2673804195720868,-0.006529352817825255,0.23173993284876923,0.2730547185656018,-0.36415191244121603,-0.011383508512539157,0.6308948598608498,0.19997631524622317,-0.6910525782603062,-0.7847966663016595,-1.2965552327263936,-1.0771040269777237,0.0
MNE,1.0767377592898868,-1.0124896084825754,-1.729950411032027,1.2068636635390326,-1.0213487871245397,0.2631713640649001,-0.27179186546358464,-0.4633342834796878,-0.03141740398129855,0.4313489716473064,-0.5800258817825608,-0.2426119312527289,0.5567933938273244,-0.2248687194557752,0.5115725598417828,0.26630781547618976,0.45199669811831494,-0.16466434458465704,0.7114206559019418,0.550196764297815,-0.720254276510781,0.3628465696432681,0.0
MNG,-0.32407043996176244,0.09562064436566274,-0.8100409462482531,-1.464542321798426,-0.2679840056323684,0.12925412265951,-0.5486409418783533,1.1887642116040356,0.5325667870641821,-0.0737854830283736,0.3564806171112749,1.5721850982219523,0.729513656539256,0.007444189781822628,0.6571805415939334,-0.19560719023613074,0.515544758402736,-0.2327372318650227,-0.10410987036136904,0.2360439305656262,0.5193082272290893,0.6158524033649174,0.0
MOZ,-1.1262696855203898,-0.5996302407943094,0.06930808390517888,0.32295336315242734,0.012972178278674187,1.1544117333421362,1.0885163884778295,-0.41731209289271054,0.3999362082643931,0.25688634781147,0.4952758637866111,0.008117043508361281,0.5674241324849104,1.3073733649413932,0.8789324110516675,-0.27199294922442596,0.15165432117732763,0.11638449223692092,-0.01984579663630774,0.26736471091877384,0.1707428139230128,0.11221442818629601,0.0
MRT,-0.8255971368260487,-0.3826273394298591,-0.5915248400036734,-0.6300702461501632,-1.027936727555726,1.134295519623479,0.7211103018594455,-1.346663961955039,0.9068032649958842,-0.48194172475184066,-0.4164007197007412,0.0550873239916666,0.3211245832688933,2.271843014010683,1.8842032447155974,-0.03437496291163949,0.17874933837719909,-0.5325478582029362,-0.5798615108211982,0.027620656178738417,-0.4591992225157761,-0.4262117840709312,0.0
MUS,-0.03593585348437707,-0.0392304298092218,-0.3829967185098138,-0.42188707310128754,-0.3542500353901018,-0.13812796042895353,-0.5864899149887675,-0.24520263058269223,-0.011571144906945606,-0.10173445865992273,0.0368661435274251,0.23598769785522225,-0.4817605014499906,-0.14841176314393462,-0.22566400764498482,-0.9754381952366148,-0.07674768051088919,0.3633154502518466,0.3984551007678009,0.3978716581438068,-0.309946519853707,-0.31118467274334194,0.0
MWI,-1.170521632598655,-0.6003214652298691,0.05716416870741361,-0.10737730945208575,0.02540724650604182,0.43543224859040436,0.9881150686408015,-0.11005728294447148,-0.22325418076102227,0.21623224921228104,0.8947525733050986,-0.5095327984338217,0.4734929683307042,0.11324534870452117,-0.16009021443376664,-0.5485029928336278,0.10937684993448625,0.6183458741430505,0.05914539031114501,-0.04419108848350427,0.2993098566620409,0.10134835976615436,0.0
MYS,-0.23704363126490263,0.23833068766445512,0.6135137975942804,0.5762733450960388,0.5152013975981853,-0.5319766681561016,0.3676552077636396,2.232167350453789,0.14243421912134652,2.078879918735747,-0.02809077742480828,-1.233425183733747,-0.8827900202669604,0.17700871258157075,0.12876952784695492,0.5724107933631848,0.18920211354958608,-0.09997547517747048,-1.035519139720438,-0.10677120753217993,0.07662446216934997,0.20021111942076875,0.0
NAM,-1.2419489506237087,-0.5951576344123015,0.9497842916026554,1.4237438324880403,1.3934183750771376,1.6030530411156552,0.6048942818972111,-1.1206956632396032,-0.39108310739284113,0.5969001647600679,0.6451976171885584,-0.3233200468669934,0.48701288741606896,-0.5111043830731647,-0.07177719980271005,0.4044110934084851,0.5955330964413135,1.0754530236016107,1.9010611590147075,0.8424435646663785,0.01630773035123132,-0.20485619303988864,0.0
NCL,-0.1360175400555863,0.621789204341099,0.8115027296007763,0.5001239431868887,-0.9723049161787262,-0.34609225878163363,-0.4936658186782474,-0.5734542693559549,-0.7814241323754986,0.7520500145337209,-0.27176159697484825,-0.07110127884491736,0.2728762920179227,-0.5406330349731676,0.8151974801690245,0.07927303957488176,0.18778250400929197,-0.07561574067583594,-0.15183516074055284,0.1866758451856337,-0.6914559923348651,0.3340935720439485,0.0
NER,-0.9080391784717631,-0.23402666298269367,-0.5855411423158953,-1.4762633608406486,-0.9701792871662746,0.8536030561851323,1.516105121288771,1.2696834136650392,-0.011554626169458949,2.981132998091464,0.7135009118723565,0.1479141263635706,0.9443967378285447,0.8448972105909411,0.320425233205086,0.1866944842812406,-0.10659207819244547,-0.4622086131801885,-0.5846265230668727,-0.29102105234581566,0.030322000765358605,0.37678901015078975,0.0
NGA,-0.7987305246528534,-0.24616824986883742,0.20535183952232447,0.048401330205107417,-0.029386142324506755,-0.49570137273073517,0.1719077243043583,-0.06566971074086365,0.10237086840746576,-0.3485310766850343,-0.47595586187771705,-1.3445917885470702,-0.7302330084870935,0.09220591158312878,0.3207578067414578,0.5783510639941422,0.17777369374868615,-0.08383489097485729,-0.9151412312168549,-0.411446625210279,-0.35190755887685593,-0.3410770960844272,0.0
NIC,-0.9536662462366216,-0.5508731846318174,0.05749699195716119,0.17118899937066276,0.41262870436548854,-0.34682074378222777,-0.06260693766018552,0.5880840332948816,-0.16212865819014546,-0.5568989883388553,0.38434771563508796,0.906575616093348,0.20931352487162871,-0.3563969366785975,-0.22432787924644476,-0.21399118301101228,-0.08115376265270045,-0.08390225874619682,0.009677482238713404,0.4738725899305793,0.27364467310634705,0.229602981495743,0.0
NLD,1.6533830709613786,1.624924448888003,0.2288890606791002,-0.42585201277885676,-0.42654463183336233,1.1086734188234006,0.6465893923907067,-0.08694281097133631,-0.26383960775027554,-0.19153346385005812,-0.607546743146951,-0.197557110219974,0.6522692903078249,0.19603939475054624,-0.8270414585307907,0.384470964563816,-0.8645787820478869,0.693115125026777,0.35381027253803354,0.763653591391788,0.4637548859090415,0.13832536382440339,0.0
NOR,2.2272055039441567,1.4484839812613135,0.42666562456008,-0.4396607896725759,-0.8128446168767165,1.2259665590408737,2.0032184238251562,0.29645044008665017,-0.5206898369566995,-0.610543339786367,2.6428604921643317,-0.4551818255658162,-0.8669556640793216,-0.6111551959072002,-1.195359964129057,-0.17863301971661524,3.05397332736297,-2.552131196046484,-0.6497177357962596,1.683359247779659,0.4743062430446808,-0.5045086329563719,0.0
NPL,-0.4644303364274213,-0.5491217579980943,-0.9074241586618037,-1.183476874736808,-0.9074734836751079,0.05357472750578938,0.5066083651383073,-0.4102840869074256,0.25063537599436053,-0.02664431952259145,0.6086273906472524,-0.1390187223448667,-0.11441556344263223,-0.2123199933059727,-0.5997707150412245,-0.0966283453852373,0.3833447988359294,0.5718405862225057,-0.3354114932691587,-0.04916744103082488,0.3161112094235149,0.08372768877348273,0.0
NZL,1.0101648530789393,0.49873978853094364,0.17956449088179838,0.9372583030570792,0.17919067215571666,-0.5898360985802663,-0.776668435356126,0.5483636615843865,0.702611161588354,0.21966009238110668,0.14915259806595035,0.17010213266461266,0.922065541406761,-0.6793148326205365,-0.3359786096129762,-0.9862635149147794,-0.20922062956539694,-0.3262740907371162,1.355877573431506,-0.5919034612794827,0.15126718933779337,0.18133931457796534,0.0
OMN,-0.3173040638397697,0.30034390356788265,0.46314773323498826,0.2460790200780625,-0.6272154782850672,0.08266469054422049,-0.43695513385691176,-0.5015581904728665,0.04389301766486135,0.022995211471261608,-0.7834603038345845,-1.5042354787502372,-1.070090043864973,-1.2715978299402577,0.5925450319151203,1.5721466792942995,-1.135248717805054,-0.4703306942889813,0.1893002551064665,-0.1295398719250567,-0.590821176732023,-0.600080655198208,0.0
PAK,-0.33790819872457234,-0.9312961399062557,-1.4127405019058032,-1.4383293161631086,-1.1857360342170256,-1.1706140705587962,0.21478307640830555,-0.4805920997129853,0.45163164402588346,0.29653460006912713,0.2947194191504862,0.19360115494004945,-0.3869886981830633,0.33099120392350506,-0.5605490055412298,-0.8075438254367305,0.36719887407225055,-0.13631841229573682,1.0472259709952008,0.1813869254096526,0.37918213378644305,-0.797686444962523,0.0
PAN,-0.6512712344733212,-0.18412764424327038,0.7194194598258522,0.9835545800537181,0.831796048913794,-1.0491514681207843,0.13931871898742174,0.8304720116998029,-0.0382921865356348,-0.8580863969537699,0.11189852960562059,-0.22352607203734404,-0.2687873532065665,0.11746905974976984,-0.4511426534770618,0.06364369657289533,-0.04732637212292554,0.022729174252252658,-0.9121682373815815,-0.09536445038639113,-0.3164789157732564,-0.008499763760720811,0.0
PER,-0.7058175810175129,-0.1859549699030595,0.2818027832472409,0.32820935876064095,0.20097158350074967,-0.8920434482485741,-0.08991892469249221,1.1122726536321812,0.07363121079624141,-0.6096137266935675,-0.0657161216122721,0.07343127094085539,-0.1854192783649109,0.16184366738296607,-0.00367975562904124,-0.1555220572401135,-0.6767364069637835,-0.4553128117944054,-1.1093811338334663,0.030539953867947077,0.26832151722805986,0.35660202695520743,0.0
PHL,-0.20385042354510396,-0.5404596354842205,-0.4024168916959595,-0.10314793666567833,0.3518333088594308,-1.1444865719686559,0.6588747247460709,2.30184204224677,1.245718262424637,2.547126614874123,0.16766790306844834,0.993356259736381,-1.1975059259470855,1.2781474847686944,-0.718139220974981,0.38546920384620403,0.011475821511752266,-0.4199992955324472,0.7459014023011044,-0.43103127092029525,0.5067000007788143,-0.2046398867425557,0.0
PLW,-0.2549276134296085,0.34396438828353576,0.07629172040288815,0.039034092635789455,-0.06589805090821696,0.7253980523046744,-0.231916364292776,0.960594913053765,0.9309155910704916,0.4342900881848713,0.01602174584416575,0.8529835100832741,-0.23239410985893846,-0.9666550891668688,1.1080363398492385,0.9789700490966441,-0.8059309502753376,0.3773957862704323,0.706965555263705,-2.3098215648340674,0.17012983606579662,0.5026343443921247,0.0
PNG,-1.020611394533854,-0.4108095359776514,0.04702917018873445,0.000427987642408851,0.27774914753658675,0.5624299277983286,0.5396563365262057,0.8672383368743679,0.17719212902951234,-0.5326401048789966,1.084116427446128,0.8945660484216748,0.7478638787690388,-0.4714222366149135,-0.027564752483633995,-0.4372394985126804,-0.39159654916389314,-0.1433952040967985,-1.4833390320337927,-0.6570878758207207,0.4369291009762182,0.5792978219349598,0.0
POL,0.44932658916786783,0.4890640072829321,-0.25984162978047987,-0.17884031554453445,-0.7956603127498887,0.5150319298450176,-0.8324286027043932,0.4949593774689772,-0.18587645471943917,-0.6183304449048819,-0.41162130734835956,0.17080830198519298,0.01713879635873368,-0.38193574750335524,0.09118630544887828,0.6778139690636412,-0.7560937876747114,0.0017262570009835606,0.3113494757056868,0.8961696444585224,-0.02869557739685116,-0.26231332834748355,0.0
PRI,0.10577050814643424,0.7249748209272495,0.6449297549466344,0.8591614421052319,-0.7607639072040137,0.250817959006941,-0.8636555947389676,0.8635910605483622,0.7650239937132207,-0.5246908032074218,-0.21510894208047926,0.7447948597792269,-0.13273663398924015,-0.6887093838064412,1.142776783087372,0.962754020005986,-0.41700122343308027,0.04775433613039239,0.9186539856244923,0.2139498727387028,0.020396183381755667,-0.08089999110870015,0.0
PRT,0.653797913326776,0.363940056600024,-0.04489867223126875,0.6674098205434154,-0.11491070371004401,0.7407921912647114,-0.3354682885318062,-0.13826034001120283,-0.3991482282783976,-0.9142637112891141,-0.0808451535669337,0.2121900355159573,0.11102943772963253,0.4584207336863821,-0.6524100410554807,-0.3473245427473188,-1.6270350504878213,-1.1311794461309135,0.23987567582637348,0.7629755949050095,-0.22665685846402378,-1.114465060253326,0.0
PRY,-0.8596991154398332,-0.29287316319629586,0.6210835130834539,0.8261827003093791,0.734543352684502,-0.346146547032063,0.06232865068924595,0.9068317703885785,-0.09135411135269203,-0.14882408897225954,0.13839266996332164,-0.30817060629110865,-0.377075065108943,-0.5345769132123678,-0.16533091384840895,0.40732464741073593,0.5890961903579843,0.27263282533147415,-0.3065360231765578,0.03109605912256136,0.013210340511867546,0.11342188724065991,0.0
PYF,-0.23367746395632358,0.5034137885233145,0.47104992622567576,0.06832667321477451,-0.33646395477550844,0.3465319465408356,-0.9027079581044775,-0.38814105371359386,-0.44610354070583286,0.681747374269022,-0.6178583525792812,-0.27282751029923946,0.16779328273725205,-0.19764506487780503,0.34178910461807915,0.3415013479764248,0.0003786673998509094,0.19069657441632862,-0.2349249809057685,-0.0878900368557668,0.03584597143980119,-0.2503252870133436,0.0
QAT,0.2565355951730924,0.7555357132432564,0.6677777730735858,-0.10146471987196326,-0.15082964631621723,-2.956589399522548,1.0006372900178573,-0.17560150917437084,0.4471884362393683,-0.4479394784217458,0.7031981511636175,-2.0881410770498245,-1.0071031544032045,-1.1627533382395223,2.1027209946437146,1.1247756265144353,-0.6285625723742083,-0.8306916317366135,0.8316507068024819,-1.2987232888663083,-0.7704515257841613,0.03457029531328077,0.0
ROU,1.2791954905924772,0.24801654406513235,-1.3612101859652987,-1.8576867779303596,1.5170031340809436,0.6611982723064201,-1.3024247840831396,-1.5562814559125164,0.38839067762715035,-0.47396525231616965,-0.3861938061502056,0.2903106989277674,-0.6432914085116934,-0.013999991957182142,-1.386859087997594,0.5873607087331313,-3.39713667711464,-0.595919269514985,1.0930439101626326,0.7216868255694713,0.14135352549003355,-1.0389293646028392,0.0
RUS,0.7387527936894167,0.2991075376959918,-0.560991377352815,0.2855303391833134,1.5249277268289332,-0.2267036749334175,-0.4970395703652688,1.8400437013300268,-0.1444905139318962,-1.0400740167311442,-0.07766838111607857,-0.452159195830801,0.35013636255668973,-0.29718128178602937,0.6695178241638737,0.7069933525621496,1.5031501647236694,0.48770027010704214,-0.3153188365601815,-0.17947737616582835,0.47463158116117415,-0.3311306228403712,0.0
RWA,-1.1694827451466465,-0.5376416517910595,0.11010894500124949,-0.4377907685145698,0.9452969912600312,-0.24232325591343498,-0.021440376347644414,-0.15487825300638297,-1.0099090551523127,1.080946498549354,0.16841472134242771,-0.026849098942551875,0.12609200083868707,-1.0492616097825644,-0.46567145930943105,-0.03348989857892502,-0.2430909108637961,0.1998173382401026,1.2653112001755897,0.7598919115634746,-0.21454712475179175,-0.33550049623743583,0.0
SAU,-0.08863596671735426,0.49217716471816797,0.22763540115931358,0.01595694598171795,-0.355383593219444,-1.3192341832877346,0.019549733801156096,2.061857832919865,1.063877900769646,-1.3702785662755144,0.32716033147206336,-0.4443892269272982,-0.5237571038977165,0.13935868585730052,0.7994096701197918,0.13895873911851,-0.04469444390027973,0.6702422826057596,0.7811563047034641,-0.25231806142441293,-0.046865348439539205,-0.31917865730355305,0.0
SEN,-1.0155416462191886,-0.5032044545192863,-0.13324818985637613,-0.3332713196213495,-0.25568377154797395,0.33397546179920606,-0.2423095115289296,-0.93553060020442,-0.4761144558550938,0.5990538914580609,-0.28534864712448066,-0.12886043434753436,-0.19373278086770218,-0.5062799770919005,0.8923359052046793,-0.4428781739617884,-0.8228428671010855,-0.6842543441453743,-0.6537915586504939,0.5576521532033131,0.3570055225632689,0.26109033697910794,0.0
SGP,2.0505715456165357,1.9790257166485992,-0.31872320187898034,-3.0573442962060353,6.069918229344701,0.11853095776200803,1.3228595950841942,-0.2624540295173988,0.6753123868000573,0.644400625773606,-0.6804083857656246,-0.5427182585532554,-1.5351781831299514,0.39586804225253175,0.8117848574452865,0.03447812598482634,-0.36331835471929025,-0.9274946548416165,1.1069730353549792,-0.21106160724634254,0.48827881389838307,0.7184908671431922,0.0
SLE,-0.6494980775806349,-0.012100151578783115,-0.6094088359577053,-1.523458323340166,-0.49014819298173373,0.2478524027211437,-0.1342317848698336,-0.18849406017623868,-0.5404738941026209,-0.887950131620941,0.22426841613263318,1.3658250145328308,1.5972652575790212,0.6914942919649466,-1.0959326754816747,-1.0628814184814788,-0.15592974846082538,0.6235472120832263,0.2198858116448797,0.021474741860354127,0.834881907513707,0.6054256943056128,0.0
SLV,-0.8087344662792046,-0.47667315142546424,-0.02999778982324611,-0.019397048469617918,-0.1658722586016888,0.01415470838514381,-0.44441910256827266,-0.6860077207210541,-0.5426644638804923,0.2062705427688971,-0.37200057449304347,0.5034605145437397,0.346376762489866,-0.6862292124241065,-0.19872105985974237,-0.19487109741041575,0.01899889959174445,-0.8574209609592734,-0.826137883424905,0.5769690860129091,0.028304840595227216,0.21123752587875144,0.0
SMR,0.10991468400767851,0.823584984524498,0.7601346339246557,-0.1257226034664328,-0.29444173969221954,-0.9047412378832426,-0.043413878291143196,-0.15911308147288816,-1.028442159322865,-0.20926004298245993,0.09015943085415697,1.8190934699349788,1.6695805307244205,0.8123153608188886,-0.09308664210311511,-2.1847981371453624,0.7158161679415794,-0.15721908148395178,0.5492449251992081,0.41317933321886136,0.6061936987650186,1.6265747969789248,0.0
SOM,-0.8562672300016138,-0.23814765388896844,-0.4319504423546837,-1.0827848954224977,0.27460301118920455,0.15384106481839718,0.4109384945447818,0.07914994902861779,0.06822253886485666,-1.0069363682961718,-0.1494666882038795,1.3405242341734003,0.9956106116049932,0.5365595042454198,-0.607804414750179,0.5790323681269199,-0.39412732970400227,-0.4351385755294868,-0.03703920373133433,-0.12869256545061714,0.5504892109441158,0.5014879246922462,0.0
SRB,1.2929083231878067,-1.1983010018540177,-2.0050783989685073,1.283123411278127,-1.0125515078469236,0.38520273787715936,-0.11797571988019322,-1.2304655410995635,1.3684553003579143,0.3713709290602601,-0.5189148376472748,1.6109745156342252,-1.9519247997788622,0.12190381809634453,-0.9150846001673982,-0.5915275074348001,-1.13998257437048,1.851849720329072,0.4540778825097822,-0.4477028111216085,-3.8070551306644536,4.287489172590718,0.0
STP,-0.5834551791753971,-0.044302501344457526,-0.6466682694361694,-1.5096603560170136,-0.8344037091553484,0.2848596535101869,0.22957547224853406,-0.7265044654462531,0.3588603208251413,-0.5375211955029091,-0.1405058387851488,-0.8805190814161828,-0.14920298395681322,0.23456138271011262,0.4188699712784601,0.18433642165980596,-0.5371338045072935,-0.1773075265726439,-0.08530003381482129,-0.22858000449479787,0.17725632857850837,0.17000423306168955,0.0
SUR,-0.7634879422626193,-0.13063294194284894,0.6881546989046211,0.6095624688151519,0.18831994163581883,0.3635455041938618,-0.12445984951260905,0.10225739671134847,-1.0793905419353733,1.72147987287421,-0.127828618600917,0.33050024933122907,0.43989182141879973,-1.608764128894801,-1.4450483161381245,1.9557484063991595,2.373192630821119,2.4148103087672617,5.061202973785252,1.44983377840216,0.7485077215622568,0.4004719052197924,0.0
SVK,0.6037966176613441,0.8125074317636957,-0.23706026233444868,-0.36606012619875467,-1.2247728271538592,0.6415716769143142,-1.1047212165855957,-0.5951991756461675,0.37375910589631545,-0.17668220358239906,-1.071556856375626,-0.9447027262027377,-0.2663122060057736,0.2501251955159504,0.735189948250189,0.4156851481058433,-0.4034752130502554,-0.36645058520718726,-0.8404490064400018,-0.11865501885043542,-0.15366472633814698,-0.3731245734837651,0.0
SVN,1.2322567428524422,0.39112783356154324,-0.5918251230708456,-0.12597390885429927,-1.5433190975812414,0.7851655470913589,-0.4768388639291046,0.15749497411870217,0.5255182999682761,-0.42518630429514825,0.37798113173759146,0.9087922472752207,-0.4870804700705079,-0.15967702799938172,-1.2364096195104821,0.1487459804428149,-0.28705231975183865,0.5881647449972836,0.04829556835176026,0.7283879431893521,0.6075706713007739,0.14765261025885615,0.0
SWE,1.8112453503845287,1.4346220009214923,0.08716538135796448,-0.607092265833146,0.1291218356430985,1.6244889337482133,0.7256106980898261,-0.5108038558422098,-0.1937490106455646,-0.5768670769124417,1.1491130777502059,-1.3505311618882256,-0.3719916221074341,-0.2214404663374848,-0.3462831916560956,0.1813918252422416,-0.12870222763879632,-1.6342033469969501,0.01655616060208017,0.8216764860283234,0.9540038344955186,0.016426772399427497,0.0
SWZ,-1.0745388144743728,-0.560340175505793,0.5996082493990874,1.2199440938111878,0.4036225307842953,1.0894800537343963,0.8237864729667825,-0.4140264699363264,0.5302203514107422,0.07208033216922385,0.6263490724044268,-0.9344842776701815,-0.1480653999052836,0.5615856546454225,1.1195499494877137,-0.2865230720807054,0.2503458997241557,0.5190150153095351,0.11690131065163185,0.27631273861595046,0.1681754593376892,-0.14315357358615077,0.0
SYC,-0.4299899669782898,-0.07046685032319032,0.5275831569227967,0.23256926330329106,0.5009022880170954,-0.6362836631667936,-0.17983072888187351,-0.9289628524929175,-0.10875298533250306,0.35657383243223,-0.07981242067436951,-1.5851712213466944,-0.4914328780511343,1.0782338760151804,-0.12816733384345377,0.1683095802845457,-0.15931702254418637,1.2714366792658975,1.0178047615466848,-0.2659752894597548,-0.6892150640687417,1.0483797312893284,0.0
TGO,-1.247833505549073,-0.7614055771563285,-0.07262561737615479,-0.17327016444955254,0.38629082988680175,-0.45941653338093774,0.2448081572545819,-0.036926718978656986,-0.46553456985215513,0.005619006613201781,0.3933369488533997,0.4234384586920506,0.23157905581326513,0.10650369175796914,0.2533328819573265,-1.0683577414240941,-0.553789231799547,-0.33357173871961276,-0.4692626610369962,0.4448912066747515,0.33103618834618576,0.2668716748505907,0.0
THA,-0.34384796350818503,0.31519054868638297,-0.24850212404186622,-1.081577354848799,0.2308517079401023,-0.4107119852978593,-0.24459075750545065,1.4755474817968943,0.31082896276560085,-0.12547352233443468,0.06143790051818872,0.4855030603845506,0.357617608193321,0.06524920875941227,-0.3535159618381385,0.31568244806868306,-1.0601796954194338,0.07574532066923449,0.8259447542930349,0.0473982366937808,-0.48843266883509284,-0.5362066382221156,0.0
TJK,-0.5038046526543515,0.1677837725429198,-0.7845467511760771,-1.8541489082898766,-0.4058530253198612,1.4288098882223956,0.13999025954030214,-0.2341329412067147,0.22956256257216237,1.6249932316226354,-0.36386490795813803,0.296874543119252,0.48233096438103074,0.16651097224012484,1.0394220454767278,1.379492588826222,0.722959548919789,-0.6848096456418022,-0.1818305785865181,-0.22399765073178285,0.30719736358915384,0.5054321963703481,0.0
TKM,-0.8753068477988516,-0.25721251556411656,-0.18961413879094743,-0.8236823638481411,0.31970257635239335,0.13275898229798078,0.7713802780437193,-0.7316956580723413,0.08658391021693822,-0.5130424426367364,0.007956425646325165,-0.20907270202718742,0.37493422338934007,0.6330747977553627,0.14262489746043192,0.28474540190679043,-0.5761748836053808,-0.1858987410340673,-0.09944851092052033,-0.23717119066340273,-0.10420983509574346,-0.010681757534214782,0.0
TON,-0.5099249314660127,-0.10963679888676507,0.0927468659139913,-0.3729747905914627,-0.2770695166665088,0.6818995868748032,-0.711673257285045,-0.6732008921930003,0.07965476492557312,-0.592356751600901,-0.6980865001910599,-0.08253984039817089,-0.08114884697662719,-0.7901751931046616,0.6759351292671951,1.6417296753298858,-0.6647630208147908,0.4692673328825633,-0.631938311836905,-0.25885792406076125,-0.9668573002218915,0.44282301453966233,0.0
TTO,-0.16445034515595547,0.25718317489615017,0.6290660647975453,0.5275693567725949,-0.3720454835601402,-0.523967765676158,-0.7989442432554992,-0.594215062022164,-0.42347560520714184,-0.03620772254091031,-0.7552273920742801,-0.1192823860087975,-0.3582576713847736,-0.5095335455172184,-0.4701484128032489,-0.0928325405424873,-0.5832365957994213,0.012607966852031385,-1.2926231354590827,-0.5025249825569135,0.04927226868952318,0.03269995053166417,0.0
TUN,0.3548375908913012,-0.8621264355730338,-0.5991706297573246,0.49535004762404844,-0.6362024290619538,0.2968382532172158,1.130714631941978,0.5255923604565487,1.0576715112650508,-0.3191010457357576,1.1038547935776275,-0.3096338582167928,-2.26746610605902,0.30149503488047746,-1.073378014972535,-1.2084779277425466,1.3362187580510299,-2.13053220966034,-0.8597011813736649,1.9093648144451283,-0.4499734835398012,-0.09663436694869186,0.0
TUR,-0.28962612115137115,0.21576643214802538,0.1789331994256619,0.3398858524744617,-0.24462729412665904,-0.28673735268473854,-0.9357317010750275,0.9755129706657151,0.2777336184275475,-1.3921564595623193,-0.5274765402296324,1.1600920511277144,0.21154475327106279,-0.12492765936477408,0.07898032478773301,0.4642846163965085,-0.30886617875538547,-0.332439309684865,0.011004721041973864,0.2133064879153198,-0.03820400540585879,-0.21802857596817707,0.0
TZA,-1.1022038581037563,-0.5849707001128006,-0.5478491895775828,-1.275752661777999,-0.49959042439658474,-0.16422660596311223,-0.16645337802504825,-1.0603738768854907,-1.0144640636157771,0.5416398481684276,-0.11394009367777495,0.3099170420676537,0.28346818234123483,-0.6978637642642039,0.10539164493074132,-0.45846388880617645,-0.23716062012587336,-0.42157391077223194,0.11955696112452542,0.5775868281375001,0.5234552608109706,0.37368256546837725,0.0
UGA,-0.9192921236526561,-0.4350174338012066,-0.3539411417046301,-0.6785174628935045,-0.09367978866212436,-0.8112815212502593,-0.45089236864580334,0.4592443936041769,-0.27966159472088026,-0.5437466835601761,-0.2390391898837609,1.0401359141989943,0.050150424809682834,-0.45573999818416827,0.10592521703828751,0.03913701494953813,0.10379357321623532,-0.4214907344386681,0.22766315369084703,0.593853114619646,0.49836905724748604,0.29593654300467176,0.0
UKR,2.3656651254783445,-1.5870817933064663,-3.7457658480674563,-0.11657470775571638,0.38792604684376264,0.11475397279899205,0.6977455317144494,1.5418788247991393,-0.128678988598574,-0.8134133147935465,1.072862379535314,0.3733729581350169,-0.16368278613208803,-1.3993165993715153,1.0647755671303973,0.8090945686292292,0.3819422503266099,0.40221952403891703,1.2338899018825875,-1.0949733321999024,0.14407942085822278,0.9514205247915243,0.0
URY,0.39333431210775044,0.11380105135421002,0.22738218276234728,0.7291499200110583,0.5147865623626313,0.14580159962255865,0.16661220918922873,-0.029247223406078687,-0.7720776675664416,-0.24736773122745198,-0.40820692851467866,-0.5762155435281203,0.27257747763521073,0.07425134012417027,-1.3977882234814065,-1.280799215833672,-1.1680136463010484,-1.3724187806194916,-0.16899380860988514,0.2366214041173298,-0.6814786877402109,-0.1471081236609189,0.0
USA,0.7870088411770106,0.8798902414762304,0.7479186442865734,0.9130087953092216,0.6490802512976145,-0.4532993903647298,-0.3657517186932023,0.27987692363976013,0.1647985028174094,0.1219524368849019,0.3949261668294073,1.6059810197665096,0.5640864486295389,-0.4541093709599868,-0.2490181647527557,0.061222030611540586,-2.5739686219974534,-1.315296297008325,0.5064626267584591,-0.7339980159557357,0.8482467935224094,1.557846908277562,0.0
UZB,-0.6015154303520095,-0.1253300091848729,-0.2501172268014571,-0.5197691013374722,-1.028157138899109,0.04621978195749908,0.3040072843198377,-0.09910871088901009,0.22957652797290484,0.3396173199899066,-0.4474455006416115,-1.286773832921845,-0.3875988160013655,0.26591889449608636,0.8969760873048119,0.18510759226523324,0.4974674365352267,0.09234577945305247,-0.5239343329974965,-0.1571686286842293,0.2117650631731008,-0.009055950438255297,0.0
VCT,-0.3059762951469238,0.13764881297669485,0.19700888650504966,0.19704371572214002,-0.331891223412003,0.7084632724563319,-1.0054283246905689,-0.9722944249874859,-0.07835403175863431,0.15985124002097337,-0.4902594464273237,-0.01328263705980951,-0.1979080074476578,-0.5416093183311238,-0.3183903012465087,0.17960283267975574,-0.3962220935085802,0.4799942139564891,-0.25267836438943236,-0.38668015496337893,0.8783305405775467,0.6281292674404702,0.0
VEN,-0.3463749547468094,-0.07599518787672369,0.6850812503365757,1.6502276759799026,0.36221101726408306,-0.4334265851578137,-0.17321512509572407,2.202572678462488,1.1541080975637157,-1.3475736906416746,0.7529839106157724,0.5737315663449409,-0.6566149335358277,0.018125169244374722,0.46096400001413435,-0.16120427034171378,-0.08611069421350576,-0.4279526162614526,-2.0206810481119626,-0.13773026906421906,-0.20247653564887924,0.09494584902023061,0.0
VGB,-0.07028193230437062,0.35941672737489905,0.45265866165361435,0.0290609499732599,-0.25886478492418474,0.49416657110649387,-0.6806661685851773,0.0063545647547594885,-0.373704911005819,0.052902869286271956,-0.6315249126458361,1.410246160464666,0.5658228705372372,-0.37928076033596797,-0.35596282738480123,-1.1245494123675495,0.4104962962848538,-0.48909406264430666,0.6408555855058442,-1.350138768381637,0.9170672052383333,-0.3199459251414849,0.0
VIR,-0.025948292085048865,-0.023454233685134922,0.19383773306894322,-0.13138871493873805,-0.05609340729487413,-0.008944109431971279,0.1260878838703845,-0.11184895942611853,0.9591564798842807,-0.1031987363097983,0.46415014192396653,-0.21548197348692563,-0.8181441240973649,-0.11164701056417367,-0.948917088611533,-0.10756448227587279,0.8669985523665064,-1.2159868403210008,-0.30727830905963477,2.1153894834796185,-0.6667776435519442,-0.8550368872288168,0.0
VNM,-0.2702158074948676,0.1923621507478461,-0.22509131006417138,-0.849088375836494,0.47733639223986035,0.07300027921226399,-0.5621499848260483,0.8777580800811693,0.160992940644214,1.3707923394453412,-0.21144709255226662,-0.5716371634643487,-0.7298619871048382,-0.5078100786013867,0.8283099176432966,-0.04209876888067326,-0.09027100014650856,-0.2911690561973664,-0.7642493488554368,-0.023233133450749816,-0.05916500702962958,-0.11400945127043026,0.0
VUT,-0.5602559474928211,0.14347174053320824,-0.3405020807125359,-1.1214345226420415,0.2991997459645427,0.9521948634169671,0.5155628832295036,1.3734786099451994,0.6273843631496099,1.729347142684315,0.1903166449480374,0.9923761780316318,0.7255283116735948,0.7315436470509435,0.47995682846367915,1.073829451086434,0.016813150412276268,-0.8024565099873927,-0.5950537074621782,-0.44578300404293064,-0.7410321610103134,-0.3583133393794162,0.0
WSM,-0.5033037608191708,-0.39579535677863364,0.0030607919230733467,-0.46796454628570955,0.2953718310255339,0.6179304073396261,0.3374631269203632,0.015477093740663408,0.6119053192372206,-0.8120753003347826,0.4771577482253069,0.5261579331725569,-0.008914488898856546,-0.5674403542900918,-0.6624728975220762,0.06348656557586461,0.3407505153198825,-0.22608168304141144,0.9988087378860384,0.5703087404242084,-0.7351568337808436,0.1373245930944218,0.0
YEM,-0.7729070882424972,-0.1945620017546012,-0.1697464586646877,-0.5011590380004476,0.007941717521446925,0.7130655418395606,0.36451054506664227,-0.8674340578730118,0.4682720021628201,-0.5941855240418037,-0.10634501510754091,-0.6771690930276115,0.07175387128963955,0.892017389707471,0.7135603794566356,0.14250457036261935,-0.4973531339991262,-0.020244026015278544,0.06768740995671983,0.007919459807864352,0.08258495605007854,-0.1346146042851057,0.0
ZAF,-0.96688283315054,-0.4631309401679836,1.3157496881999453,2.359441409899439,1.3719267653826706,0.9680771272690388,0.2875163144635816,-0.6687635119819986,0.04795073201951091,0.4387476538946835,-0.40229302748717594,-0.9042914775179154,-0.44270493402037503,-0.012543273545702772,0.34568767807205814,1.2566196705150507,0.8002640529136317,0.6809538225804638,1.8606312528952742,1.1494926685310305,0.5890237493528181,0.04186164507183107,0.0
ZMB,-1.0942635126470155,-0.5062700107717151,0.482002933407159,0.7035344449937649,1.2198229794870967,-0.16212166073795706,0.3033347288507,0.12092453481213698,-0.0708535001784803,-1.096976098139496,-0.3237028072096511,0.8347685630204499,0.4449033354722865,0.33629113049858295,-0.6553821742440342,1.0890808465633428,1.1064622901450631,0.4272685563518436,1.194913846730105,0.4932678557254409,0.4457841002440786,0.22371171988305072,0.0
